[{"model": "admin.logentry", "pk": 1, "fields": {"action_time": "2025-02-21T12:07:26.428Z", "user": 1, "content_type": 11, "object_id": "1", "object_repr": "Clothes", "action_flag": 1, "change_message": "[{\"added\": {}}]"}}, {"model": "admin.logentry", "pk": 2, "fields": {"action_time": "2025-02-21T12:08:04.313Z", "user": 1, "content_type": 11, "object_id": "2", "object_repr": "Food", "action_flag": 1, "change_message": "[{\"added\": {}}]"}}, {"model": "admin.logentry", "pk": 3, "fields": {"action_time": "2025-02-21T14:40:47.712Z", "user": 1, "content_type": 11, "object_id": "3", "object_repr": "Cars", "action_flag": 1, "change_message": "[{\"added\": {}}]"}}, {"model": "admin.logentry", "pk": 4, "fields": {"action_time": "2025-02-21T14:41:17.956Z", "user": 1, "content_type": 11, "object_id": "2", "object_repr": "Cars -> Toyota", "action_flag": 2, "change_message": "[{\"changed\": {\"fields\": [\"Name\", \"Slug\", \"Description\", \"Parent\"]}}]"}}, {"model": "admin.logentry", "pk": 5, "fields": {"action_time": "2025-02-21T17:51:44.111Z", "user": 1, "content_type": 4, "object_id": "4", "object_repr": "seller1", "action_flag": 2, "change_message": "[{\"changed\": {\"fields\": [\"password\"]}}]"}}, {"model": "admin.logentry", "pk": 6, "fields": {"action_time": "2025-02-21T17:52:20.548Z", "user": 1, "content_type": 4, "object_id": "4", "object_repr": "seller1", "action_flag": 2, "change_message": "[{\"changed\": {\"fields\": [\"First name\", \"Last name\"]}}, {\"changed\": {\"name\": \"user profile\", \"object\": \"seller1\", \"fields\": [\"Phone number\", \"Instagram username\", \"Website\"]}}]"}}, {"model": "admin.logentry", "pk": 7, "fields": {"action_time": "2025-02-21T18:15:44.107Z", "user": 1, "content_type": 4, "object_id": "1", "object_repr": "bsans", "action_flag": 2, "change_message": "[{\"changed\": {\"fields\": [\"First name\", \"Last name\"]}}, {\"changed\": {\"name\": \"user profile\", \"object\": \"bsans\", \"fields\": [\"Is verified\", \"Phone number\", \"Instagram username\"]}}]"}}, {"model": "admin.logentry", "pk": 8, "fields": {"action_time": "2025-02-21T19:06:57.849Z", "user": 1, "content_type": 14, "object_id": "1", "object_repr": "50% off Today", "action_flag": 1, "change_message": "[{\"added\": {}}]"}}, {"model": "admin.logentry", "pk": 9, "fields": {"action_time": "2025-02-21T19:07:29.332Z", "user": 1, "content_type": 14, "object_id": "1", "object_repr": "50% off Today", "action_flag": 2, "change_message": "[{\"changed\": {\"fields\": [\"Content\"]}}]"}}, {"model": "admin.logentry", "pk": 10, "fields": {"action_time": "2025-02-21T19:08:14.761Z", "user": 1, "content_type": 15, "object_id": "1", "object_repr": "FREE SideMirror", "action_flag": 1, "change_message": "[{\"added\": {}}]"}}, {"model": "admin.logentry", "pk": 11, "fields": {"action_time": "2025-02-21T19:38:24.956Z", "user": 1, "content_type": 15, "object_id": "1", "object_repr": "FREE SideMirror", "action_flag": 3, "change_message": ""}}, {"model": "admin.logentry", "pk": 12, "fields": {"action_time": "2025-02-24T06:22:59.389Z", "user": 1, "content_type": 15, "object_id": "2", "object_repr": "GAri MPYA KUTOKA DUBAI", "action_flag": 1, "change_message": "[{\"added\": {}}]"}}, {"model": "admin.logentry", "pk": 13, "fields": {"action_time": "2025-02-24T06:24:18.576Z", "user": 1, "content_type": 15, "object_id": "2", "object_repr": "GAri MPYA KUTOKA DUBAI", "action_flag": 2, "change_message": "[{\"changed\": {\"fields\": [\"Link\"]}}]"}}, {"model": "admin.logentry", "pk": 14, "fields": {"action_time": "2025-02-24T06:33:13.402Z", "user": 1, "content_type": 14, "object_id": "2", "object_repr": "Happy New Year🎉", "action_flag": 1, "change_message": "[{\"added\": {}}]"}}, {"model": "admin.logentry", "pk": 15, "fields": {"action_time": "2025-02-24T06:33:22.460Z", "user": 1, "content_type": 14, "object_id": "1", "object_repr": "50% off Today", "action_flag": 2, "change_message": "[{\"changed\": {\"fields\": [\"Active\"]}}]"}}, {"model": "admin.logentry", "pk": 16, "fields": {"action_time": "2025-02-24T06:43:26.272Z", "user": 1, "content_type": 9, "object_id": "4", "object_repr": "Review by bsans for Injector pump", "action_flag": 2, "change_message": "[{\"changed\": {\"fields\": [\"Parent\"]}}]"}}, {"model": "admin.logentry", "pk": 17, "fields": {"action_time": "2025-02-24T06:50:18.735Z", "user": 1, "content_type": 15, "object_id": "2", "object_repr": "GAri MPYA KUTOKA DUBAI", "action_flag": 2, "change_message": "[{\"changed\": {\"fields\": [\"Active\"]}}]"}}, {"model": "admin.logentry", "pk": 18, "fields": {"action_time": "2025-02-24T07:00:13.642Z", "user": 1, "content_type": 4, "object_id": "3", "object_repr": "somebody", "action_flag": 2, "change_message": "[{\"changed\": {\"fields\": [\"First name\", \"Last name\"]}}, {\"changed\": {\"name\": \"user profile\", \"object\": \"somebody\", \"fields\": [\"Phone number\", \"Is verified\", \"Instagram username\"]}}]"}}, {"model": "admin.logentry", "pk": 19, "fields": {"action_time": "2025-03-01T11:47:19.193Z", "user": 1, "content_type": 17, "object_id": "3", "object_repr": "bsans follows deo", "action_flag": 1, "change_message": "[{\"added\": {}}]"}}, {"model": "admin.logentry", "pk": 20, "fields": {"action_time": "2025-03-05T20:42:27.909Z", "user": 1, "content_type": 15, "object_id": "3", "object_repr": "Kuwa verified ✅", "action_flag": 1, "change_message": "[{\"added\": {}}]"}}, {"model": "admin.logentry", "pk": 21, "fields": {"action_time": "2025-03-05T20:43:04.539Z", "user": 1, "content_type": 15, "object_id": "3", "object_repr": "Kuwa verified ✅", "action_flag": 2, "change_message": "[{\"changed\": {\"fields\": [\"Description\"]}}]"}}, {"model": "admin.logentry", "pk": 22, "fields": {"action_time": "2025-03-05T20:44:17.552Z", "user": 1, "content_type": 15, "object_id": "3", "object_repr": "Kuwa verified ✅", "action_flag": 2, "change_message": "[{\"changed\": {\"fields\": [\"Description\", \"Button text\"]}}]"}}, {"model": "admin.logentry", "pk": 23, "fields": {"action_time": "2025-03-05T20:56:18.222Z", "user": 1, "content_type": 15, "object_id": "3", "object_repr": "Kuwa verified ✅", "action_flag": 2, "change_message": "[{\"changed\": {\"fields\": [\"Image\"]}}]"}}, {"model": "admin.logentry", "pk": 24, "fields": {"action_time": "2026-01-31T06:45:31.406Z", "user": 1, "content_type": 15, "object_id": "3", "object_repr": "Kuwa verified ✅", "action_flag": 2, "change_message": "[{\"changed\": {\"fields\": [\"Active\"]}}]"}}, {"model": "admin.logentry", "pk": 25, "fields": {"action_time": "2026-01-31T06:56:10.125Z", "user": 1, "content_type": 15, "object_id": "3", "object_repr": "Kuwa verified ✅", "action_flag": 2, "change_message": "[{\"changed\": {\"fields\": [\"Active\"]}}]"}}, {"model": "admin.logentry", "pk": 26, "fields": {"action_time": "2026-01-31T07:59:14.924Z", "user": 1, "content_type": 4, "object_id": "2", "object_repr": "deo", "action_flag": 2, "change_message": "[]"}}, {"model": "admin.logentry", "pk": 27, "fields": {"action_time": "2026-01-31T08:00:00.789Z", "user": 1, "content_type": 4, "object_id": "3", "object_repr": "somebody", "action_flag": 2, "change_message": "[{\"changed\": {\"name\": \"user profile\", \"object\": \"somebody\", \"fields\": [\"Tier\"]}}]"}}, {"model": "admin.logentry", "pk": 28, "fields": {"action_time": "2026-01-31T13:45:00.697Z", "user": 1, "content_type": 22, "object_id": "1", "object_repr": "Airtel Money: 101010 (BSANS)", "action_flag": 1, "change_message": "[{\"added\": {}}]"}}, {"model": "admin.logentry", "pk": 29, "fields": {"action_time": "2026-01-31T13:45:16.638Z", "user": 1, "content_type": 22, "object_id": "2", "object_repr": "Halopesa: 101520 (BSANS)", "action_flag": 1, "change_message": "[{\"added\": {}}]"}}, {"model": "admin.logentry", "pk": 30, "fields": {"action_time": "2026-01-31T13:45:38.911Z", "user": 1, "content_type": 22, "object_id": "3", "object_repr": "M-Pesa: 1235672 (BSAND CO.)", "action_flag": 1, "change_message": "[{\"added\": {}}]"}}, {"model": "admin.logentry", "pk": 31, "fields": {"action_time": "2026-01-31T13:45:58.115Z", "user": 1, "content_type": 22, "object_id": "4", "object_repr": "Mixx by Yas: 856485 (BSANS CO.)", "action_flag": 1, "change_message": "[{\"added\": {}}]"}}, {"model": "admin.logentry", "pk": 32, "fields": {"action_time": "2026-01-31T15:16:22.513Z", "user": 1, "content_type": 19, "object_id": "2", "object_repr": "Premium (15000.00)", "action_flag": 2, "change_message": "[{\"changed\": {\"fields\": [\"Benefits\"]}}]"}}, {"model": "admin.logentry", "pk": 33, "fields": {"action_time": "2026-01-31T16:06:16.118Z", "user": 1, "content_type": 28, "object_id": "1", "object_repr": "Basic stuff", "action_flag": 1, "change_message": "[{\"added\": {}}]"}}, {"model": "admin.logentry", "pk": 34, "fields": {"action_time": "2026-01-31T16:09:34.892Z", "user": 1, "content_type": 4, "object_id": "4", "object_repr": "seller1", "action_flag": 2, "change_message": "[{\"changed\": {\"fields\": [\"password\"]}}]"}}, {"model": "admin.logentry", "pk": 35, "fields": {"action_time": "2026-01-31T16:11:35.920Z", "user": 1, "content_type": 4, "object_id": "4", "object_repr": "seller1", "action_flag": 2, "change_message": "[]"}}, {"model": "admin.logentry", "pk": 36, "fields": {"action_time": "2026-01-31T16:12:30.534Z", "user": 1, "content_type": 4, "object_id": "4", "object_repr": "seller1", "action_flag": 2, "change_message": "[]"}}, {"model": "admin.logentry", "pk": 37, "fields": {"action_time": "2026-04-24T16:11:14.958Z", "user": 1, "content_type": 15, "object_id": "4", "object_repr": "Sample for testing", "action_flag": 1, "change_message": "[{\"added\": {}}]"}}, {"model": "admin.logentry", "pk": 38, "fields": {"action_time": "2026-04-24T16:11:42.756Z", "user": 1, "content_type": 15, "object_id": "4", "object_repr": "Sample for testing", "action_flag": 2, "change_message": "[{\"changed\": {\"fields\": [\"Button text\"]}}]"}}, {"model": "admin.logentry", "pk": 39, "fields": {"action_time": "2026-04-24T17:39:45.253Z", "user": 1, "content_type": 4, "object_id": "5", "object_repr": "seller2", "action_flag": 2, "change_message": "[{\"changed\": {\"fields\": [\"password\"]}}]"}}, {"model": "admin.logentry", "pk": 40, "fields": {"action_time": "2026-04-24T17:42:20.377Z", "user": 1, "content_type": 4, "object_id": "1", "object_repr": "bsans", "action_flag": 2, "change_message": "[{\"changed\": {\"name\": \"user profile\", \"object\": \"bsans\", \"fields\": [\"Tier\"]}}]"}}, {"model": "admin.logentry", "pk": 41, "fields": {"action_time": "2026-04-24T18:24:36.616Z", "user": 1, "content_type": 4, "object_id": "4", "object_repr": "seller1", "action_flag": 2, "change_message": "[{\"changed\": {\"fields\": [\"Staff status\"]}}]"}}, {"model": "admin.logentry", "pk": 42, "fields": {"action_time": "2026-04-24T19:35:57.096Z", "user": 1, "content_type": 4, "object_id": "4", "object_repr": "seller1", "action_flag": 2, "change_message": "[{\"changed\": {\"fields\": [\"Staff status\"]}}, {\"changed\": {\"name\": \"user profile\", \"object\": \"seller1\", \"fields\": [\"Is verified\"]}}]"}}, {"model": "admin.logentry", "pk": 43, "fields": {"action_time": "2026-04-24T19:44:44.507Z", "user": 1, "content_type": 4, "object_id": "1", "object_repr": "bsans", "action_flag": 2, "change_message": "[{\"changed\": {\"fields\": [\"Staff status\"]}}]"}}, {"model": "admin.logentry", "pk": 44, "fields": {"action_time": "2026-04-24T19:51:23.956Z", "user": 7, "content_type": 4, "object_id": "1", "object_repr": "bsans", "action_flag": 2, "change_message": "[{\"changed\": {\"fields\": [\"Staff status\"]}}]"}}, {"model": "admin.logentry", "pk": 45, "fields": {"action_time": "2026-04-24T21:13:52.770Z", "user": 7, "content_type": 4, "object_id": "4", "object_repr": "seller1", "action_flag": 2, "change_message": "[]"}}, {"model": "admin.logentry", "pk": 46, "fields": {"action_time": "2026-04-24T21:16:18.271Z", "user": 7, "content_type": 4, "object_id": "2", "object_repr": "deo", "action_flag": 2, "change_message": "[{\"changed\": {\"name\": \"user profile\", \"object\": \"deo\", \"fields\": [\"Is verified\"]}}]"}}, {"model": "admin.logentry", "pk": 47, "fields": {"action_time": "2026-04-25T08:07:15.082Z", "user": 1, "content_type": 4, "object_id": "3", "object_repr": "somebody", "action_flag": 2, "change_message": "[{\"changed\": {\"fields\": [\"Staff status\"]}}]"}}, {"model": "admin.logentry", "pk": 48, "fields": {"action_time": "2026-04-25T08:08:35.954Z", "user": 1, "content_type": 29, "object_id": "2", "object_repr": "somebody (Staff)", "action_flag": 1, "change_message": "[{\"added\": {}}]"}}, {"model": "admin.logentry", "pk": 49, "fields": {"action_time": "2026-04-26T17:57:22.335Z", "user": 1, "content_type": 48, "object_id": "2", "object_repr": "deo (senior)", "action_flag": 1, "change_message": "[{\"added\": {}}]"}}, {"model": "admin.logentry", "pk": 50, "fields": {"action_time": "2026-04-26T18:02:45.291Z", "user": 1, "content_type": 4, "object_id": "2", "object_repr": "deo", "action_flag": 2, "change_message": "[{\"changed\": {\"fields\": [\"password\"]}}]"}}, {"model": "admin.logentry", "pk": 51, "fields": {"action_time": "2026-04-27T08:15:03.292Z", "user": 1, "content_type": 48, "object_id": "2", "object_repr": "deo (senior)", "action_flag": 2, "change_message": "[{\"changed\": {\"fields\": [\"Certified categories\"]}}]"}}, {"model": "admin.logentry", "pk": 52, "fields": {"action_time": "2026-04-29T00:17:16.295Z", "user": 1, "content_type": 26, "object_id": "1", "object_repr": "Action: Verification - approved", "action_flag": 2, "change_message": "[{\"changed\": {\"fields\": [\"Status\"]}}]"}}, {"model": "admin.logentry", "pk": 53, "fields": {"action_time": "2026-04-29T00:18:16.039Z", "user": 1, "content_type": 25, "object_id": "5", "object_repr": "seller1 - can_approve_content", "action_flag": 1, "change_message": "[{\"added\": {}}]"}}, {"model": "auth.user", "pk": 1, "fields": {"password": "pbkdf2_sha256$870000$75YADKyqwAKyselEnypY1u$x2qnoMFYlqGpXEraInsN2xf1jYc0XaphPwvy3QgFW7c=", "last_login": "2026-04-29T00:12:54.586Z", "is_superuser": true, "username": "bsans", "first_name": "Beatus", "last_name": "Simon", "email": "bsans47@gmail.com", "is_staff": true, "is_active": true, "date_joined": "2025-02-21T12:06:09Z", "groups": [], "user_permissions": []}}, {"model": "auth.user", "pk": 2, "fields": {"password": "pbkdf2_sha256$870000$QwYRK7Tpt6Oq3G2g3irvV6$va60YadDQqEOAdC/G5+wvApWMJ4kOoNDWyAn5IMmQZQ=", "last_login": "2026-04-28T22:25:35.650Z", "is_superuser": false, "username": "deo", "first_name": "", "last_name": "", "email": "deo55@gmail.com", "is_staff": false, "is_active": true, "date_joined": "2025-02-21T12:28:26.388Z", "groups": [], "user_permissions": []}}, {"model": "auth.user", "pk": 3, "fields": {"password": "pbkdf2_sha256$870000$j6tor7cLDn9kcCAbJ9S1kV$U+TLDOtSoDod19MSVOvoe58/a1eL5DvRJwB0yEI46Pg=", "last_login": "2026-04-28T07:49:48.980Z", "is_superuser": false, "username": "somebody", "first_name": "Somebody", "last_name": "Usingberg", "email": "somebody@gmail.com", "is_staff": true, "is_active": true, "date_joined": "2025-02-21T13:21:17Z", "groups": [], "user_permissions": []}}, {"model": "auth.user", "pk": 4, "fields": {"password": "pbkdf2_sha256$870000$6lIR0Vzbf76nNR12FwBexn$4hsMa60707LAeytBYTVxkQqP5xBnBDiWfJVLMjM9GJ0=", "last_login": "2026-04-28T23:48:43.226Z", "is_superuser": false, "username": "seller1", "first_name": "Jordan B.", "last_name": "Simon", "email": "seller1@example.com", "is_staff": true, "is_active": true, "date_joined": "2025-02-21T16:08:55Z", "groups": [], "user_permissions": []}}, {"model": "auth.user", "pk": 5, "fields": {"password": "pbkdf2_sha256$870000$oOd82h2ky2bIKDtAFs3Jsv$00o5fvrOYnGhhDgP0PLGIHqbDeJB6goBBTZb7UIzCjM=", "last_login": null, "is_superuser": false, "username": "seller2", "first_name": "", "last_name": "", "email": "seller2@example.com", "is_staff": false, "is_active": true, "date_joined": "2025-02-21T16:08:56.540Z", "groups": [], "user_permissions": []}}, {"model": "auth.user", "pk": 6, "fields": {"password": "pbkdf2_sha256$870000$glhYWMk3bV1kHNL3bP9C1O$HLc/I3XC/QR/KTv62Clo1iqxVY+tEOSpQ8VX5aagyQI=", "last_login": "2025-03-01T15:22:32.533Z", "is_superuser": false, "username": "rat", "first_name": "", "last_name": "", "email": "ratsteinberg@gmail.com", "is_staff": false, "is_active": true, "date_joined": "2025-03-01T15:22:31.255Z", "groups": [], "user_permissions": []}}, {"model": "auth.user", "pk": 7, "fields": {"password": "pbkdf2_sha256$870000$TNuaScKsQ2Gx6AMF5pU36A$DSL8aK+5IFqbSz7DVYzsLay+l53GEolsezaor48ZEKU=", "last_login": "2026-04-28T22:47:54.305Z", "is_superuser": true, "username": "kali", "first_name": "", "last_name": "", "email": "kali@gmail.com", "is_staff": true, "is_active": true, "date_joined": "2026-04-24T19:49:07.711Z", "groups": [], "user_permissions": []}}, {"model": "auth.user", "pk": 8, "fields": {"password": "pbkdf2_sha256$870000$6qj68TMNpwk9qvFtL3jyeS$ZZI67s8eyU3iWqa6bkVMgUh+NFb0k26hvUJgBJ+zblo=", "last_login": "2026-04-26T15:44:55.023Z", "is_superuser": false, "username": "test_inspector", "first_name": "", "last_name": "", "email": "", "is_staff": true, "is_active": true, "date_joined": "2026-04-26T15:41:37.039Z", "groups": [], "user_permissions": []}}, {"model": "auth.user", "pk": 9, "fields": {"password": "", "last_login": null, "is_superuser": false, "username": "test_user_1", "first_name": "", "last_name": "", "email": "", "is_staff": false, "is_active": true, "date_joined": "2026-04-26T23:24:57.677Z", "groups": [], "user_permissions": []}}, {"model": "auth.user", "pk": 10, "fields": {"password": "", "last_login": null, "is_superuser": false, "username": "test_user_2", "first_name": "", "last_name": "", "email": "", "is_staff": false, "is_active": true, "date_joined": "2026-04-26T23:24:57.694Z", "groups": [], "user_permissions": []}}, {"model": "auth.user", "pk": 11, "fields": {"password": "", "last_login": null, "is_superuser": false, "username": "test_staff_1", "first_name": "", "last_name": "", "email": "", "is_staff": true, "is_active": true, "date_joined": "2026-04-26T23:32:04.823Z", "groups": [], "user_permissions": []}}, {"model": "auth.user", "pk": 12, "fields": {"password": "", "last_login": null, "is_superuser": false, "username": "test_client_1", "first_name": "", "last_name": "", "email": "", "is_staff": false, "is_active": true, "date_joined": "2026-04-26T23:32:04.855Z", "groups": [], "user_permissions": []}}, {"model": "auth.user", "pk": 13, "fields": {"password": "pbkdf2_sha256$870000$EkaNtexOhPwLiBIZSJVuzj$lXPhDg31LL+xaTuhDkUuS0vRDMCh2zSfk35DBzLx7Zk=", "last_login": null, "is_superuser": false, "username": "seya", "first_name": "", "last_name": "", "email": "seya@gmail.com", "is_staff": false, "is_active": true, "date_joined": "2026-04-27T14:28:41.860Z", "groups": [], "user_permissions": []}}, {"model": "auth.user", "pk": 15, "fields": {"password": "pbkdf2_sha256$870000$U7YYbrW8jx4LASALaurCdg$M/HahKMjDdyeKWCKjK9kKW8AmImN1im+0pDorovu8UE=", "last_login": "2026-04-27T19:12:05.931Z", "is_superuser": false, "username": "crimson", "first_name": "Crimson", "last_name": "White", "email": "crimsonwhite@gmail.com", "is_staff": false, "is_active": true, "date_joined": "2026-04-27T14:50:17.503Z", "groups": [], "user_permissions": []}}, {"model": "auth.user", "pk": 16, "fields": {"password": "pbkdf2_sha256$870000$N9YNUhFUImMpyBaoa2asHX$OK2bg8CXhNvHTBM+Wa0UjBsFyMNxXCLHFe9qJFhJQP0=", "last_login": null, "is_superuser": true, "username": "testsuperuser", "first_name": "", "last_name": "", "email": "test@example.com", "is_staff": true, "is_active": true, "date_joined": "2026-04-27T18:32:58.637Z", "groups": [], "user_permissions": []}}, {"model": "auth.user", "pk": 17, "fields": {"password": "pbkdf2_sha256$870000$rCcxmvy1KdomYnUgV0yRVt$EtCEH1jAnGjTcK6Sfix9rndC+lfG7Wz7nMdu5AHtiM4=", "last_login": null, "is_superuser": false, "username": "nickdarking", "first_name": "Nick", "last_name": "Darling", "email": "nickdarling@gmail.com", "is_staff": false, "is_active": true, "date_joined": "2026-04-28T22:53:03.537Z", "groups": [], "user_permissions": []}}, {"model": "auth.user", "pk": 18, "fields": {"password": "pbkdf2_sha256$870000$8Li5OYC4gyotD1mbOl5uZH$RFZAwu75nNjQsmMHVQW/6utlHm7uR19X0K7fepE+nM0=", "last_login": null, "is_superuser": false, "username": "testuser_2", "first_name": "", "last_name": "", "email": "test2@example.com", "is_staff": false, "is_active": true, "date_joined": "2026-04-28T22:55:21.322Z", "groups": [], "user_permissions": []}}, {"model": "auth.user", "pk": 19, "fields": {"password": "pbkdf2_sha256$870000$8sJ2QlXwPZtoVjqucJbt8r$FN5r/ENj8UigaxQyYjRMYWgUBgzIONC1YoSU3CE3tC8=", "last_login": null, "is_superuser": false, "username": "testuser_4", "first_name": "", "last_name": "", "email": "test4@example.com", "is_staff": false, "is_active": true, "date_joined": "2026-04-28T22:55:50.314Z", "groups": [], "user_permissions": []}}, {"model": "auth.user", "pk": 20, "fields": {"password": "pbkdf2_sha256$870000$7nBP5mogi4dU7ac43ZjlAq$7KfpFGLonkd0cD88y4B67Z/V4tFr1U8CdXc+JkY/bO0=", "last_login": null, "is_superuser": false, "username": "testuser_5", "first_name": "", "last_name": "", "email": "test5@example.com", "is_staff": false, "is_active": true, "date_joined": "2026-04-28T22:57:20.562Z", "groups": [], "user_permissions": []}}, {"model": "auth.user", "pk": 21, "fields": {"password": "pbkdf2_sha256$870000$nBkO2eZGqdYs4gdVkdGh83$MFYYYfwsmT1VQGwLiPGD5eCGugXY3um1uFiL96S5PR4=", "last_login": null, "is_superuser": false, "username": "nickdarling21", "first_name": "Nick", "last_name": "Darling", "email": "ndarling@gmail.com", "is_staff": false, "is_active": true, "date_joined": "2026-04-28T23:04:46.971Z", "groups": [], "user_permissions": []}}, {"model": "sessions.session", "pk": "2tp7o7lwa6g2gp7yeqjgfuxlujiv17nc", "fields": {"session_data": ".eJxVjDEOgzAQBP_iOrI4bHxAmZ43oLPvHEgiWwJTIf6eIFEk7c7s7GqkrUzjtsoyzqx6ZdTtd_MUXpJOwE9Kj6xDTmWZvT4VfdFVD5nlfb_cv8BE63S-rXO2MtLV7CBEMBGBmBBDJ7ExLC2IixX5RqB1HmNVNyxsW4TgvMFvNNBSVL8fxwcvPzuK:1tlT3C:DC-YXzFc8l0AnTpR8_sAZJ7FnA3TLXvbUyciVPVTSio", "expire_date": "2025-03-07T13:26:42.212Z"}}, {"model": "sessions.session", "pk": "30y2zdabnxj3hr61h10d12e1ux3swk9l", "fields": {"session_data": ".eJxVjLsOwjAMAP8lM4pM4pCUkb3fEDmxTQqolfqYEP-OKnWA9e50b5NpW1veFpnzwOZqvDn9skL1KeMu-EHjfbJ1Gtd5KHZP7GEX208sr9vR_g0aLW3fKnhCOCcnF0wuAoBWFikBU0IF7RyEEBlJyVPA6JSiCmnnhZHBfL7OlDf8:1tpBpD:en0eZrXnicNsGSVH-UXRL6x6jqrgXAhlrRN78t2xXYs", "expire_date": "2025-03-17T19:51:39.445Z"}}, {"model": "sessions.session", "pk": "36eimwa0yjbvmplzga56q22mxfnyfj14", "fields": {"session_data": ".eJxVjLsOwjAMAP8lM4pM4pCUkb3fEDmxTQqolfqYEP-OKnWA9e50b5NpW1veFpnzwOZqvDn9skL1KeMu-EHjfbJ1Gtd5KHZP7GEX208sr9vR_g0aLW3fKnhCOCcnF0wuAoBWFikBU0IF7RyEEBlJyVPA6JSiCmnnhZHBfL7OlDf8:1tog5M:7H0DdED-G1vDo8CbkQu5xJA4q4tt4Vpj0UqQU17L5Tw", "expire_date": "2025-03-16T09:58:12.192Z"}}, {"model": "sessions.session", "pk": "39wlj2ockb7bqpprp7scd16c9x5tr7fl", "fields": {"session_data": ".eJxVjLsOwjAMAP8lM4pM4pCUkb3fEDmxTQqolfqYEP-OKnWA9e50b5NpW1veFpnzwOZqvDn9skL1KeMu-EHjfbJ1Gtd5KHZP7GEX208sr9vR_g0aLW3fKnhCOCcnF0wuAoBWFikBU0IF7RyEEBlJyVPA6JSiCmnnhZHBfL7OlDf8:1togIM:Sr_S6R5HetzrwSwuXu7vjNg2_xFZCF_8Ph0TmQRLc54", "expire_date": "2025-03-16T10:11:38.757Z"}}, {"model": "sessions.session", "pk": "3qjh5l7b16w3fpscpibu7hpioz4s6khd", "fields": {"session_data": ".eJxVjEEOwiAQRe_C2hCg0BGX7nsGMgODVA0kpV0Z765NutDtf-_9lwi4rSVsnZcwJ3ERWpx-N8L44LqDdMd6azK2ui4zyV2RB-1yaomf18P9OyjYy7f2lHSOkewYWY-QDAPqbNlx9qQS8FmhsYNTzirnTQYczOARNBCgRxbvDwKvODE:1wH3ob:2t9L4RuuPAFSlSihLkYMhTomIIFhvwrKKH8pMesALyg", "expire_date": "2026-05-10T18:02:45.349Z"}}, {"model": "sessions.session", "pk": "3v5mkbswmrwff6tmtryb8mjxo68da3xo", "fields": {"session_data": ".eJxVjEEOwiAQRe_C2hCg0BGX7nsGMgODVA0kpV0Z765NutDtf-_9lwi4rSVsnZcwJ3ERWpx-N8L44LqDdMd6azK2ui4zyV2RB-1yaomf18P9OyjYy7f2lHSOkewYWY-QDAPqbNlx9qQS8FmhsYNTzirnTQYczOARNBCgRxbvDwKvODE:1tld3f:f9t2mKx5xeYLZGfMhMDyVNAKNhxH23wyuNF3fCU-ROY", "expire_date": "2025-03-08T00:07:51.389Z"}}, {"model": "sessions.session", "pk": "45x5q1bevpdd4gkjp4hy944flq9anjlw", "fields": {"session_data": "e30:1tlUMz:cBLHb0QqWwt3JgiuZRkAZp-orkuvoGOpU1HKkhPbd-U", "expire_date": "2025-03-07T14:51:13.826Z"}}, {"model": "sessions.session", "pk": "57nz5cvvghganzcq0cywdbqb9wjq6cst", "fields": {"session_data": ".eJxVjEEOwiAQRe_C2hCg0BGX7nsGMgODVA0kpV0Z765NutDtf-_9lwi4rSVsnZcwJ3ERWpx-N8L44LqDdMd6azK2ui4zyV2RB-1yaomf18P9OyjYy7f2lHSOkewYWY-QDAPqbNlx9qQS8FmhsYNTzirnTQYczOARNBCgRxbvDwKvODE:1tnvla:BURjnx79Brp__0xk9ly3Ofvf-DSfyO-_pp-QdhADtvE", "expire_date": "2025-03-14T08:30:42.237Z"}}, {"model": "sessions.session", "pk": "6cm0u411x6j9oqn2pp6x1faufiicu073", "fields": {"session_data": ".eJxVjLsOgkAQAP9la3PZe3kHpb3fQJbbXUENJDwqwr8rCYW2M5PZoKF16Zp1lqnpGWrwcPllLZWXDIfgJw2P0ZRxWKa-NUdiTjub-8jyvp3t36CjuTu2ip4C2uzkGrJLiKiFRdoYcg6KWjmMMXEgJU8xJKeUVEgrLxwYv9NC0wL1BjZZqC3u-wfpIjzA:1to14R:wH7IddASp9i6Zjw5PeVpKe49jY98b2NzkOEW-saUfI0", "expire_date": "2025-03-14T14:10:31.138Z"}}, {"model": "sessions.session", "pk": "6u95h9dmffi1lsz8mlw8br5y1iukqibq", "fields": {"session_data": ".eJxVjDsOgzAQRO-yNbK8_rAxZfqcAa3tdSCJQOJTIe4ekCiSaqSZN2-Dltela9dZprbP0ABC9dtFTm8ZziG_eHiOKo3DMvVRnYi61lk9xiyf-8X-CTqeu-MdYsaSUnR1EqwpGyHG4sRLCVFnkptm46zX3mkfTCG2xgYmpEgcWA5p4mmBZgMkAw1WgLU9ct-_zFQ-Ow:1toLLI:jAYSQzHjR7Oh3YqytLj4wew_YSpDRe7NhL-gPXJZB_Q", "expire_date": "2025-03-15T11:49:16.171Z"}}, {"model": "sessions.session", "pk": "8mhek89p2mk3dx38zkzzq7iprn7cwr6h", "fields": {"session_data": "e30:1tlUNq:QRtjcVxvumaHPVRdX9lA79iUHrh6OjP4tI47tJcxoTU", "expire_date": "2025-03-07T14:52:06.110Z"}}, {"model": "sessions.session", "pk": "939xtfvyd7c86krzimenmwae57jtmegk", "fields": {"session_data": ".eJxVjEEOwiAQRe_C2hCg0BGX7nsGMgODVA0kpV0Z765NutDtf-_9lwi4rSVsnZcwJ3ERWpx-N8L44LqDdMd6azK2ui4zyV2RB-1yaomf18P9OyjYy7f2lHSOkewYWY-QDAPqbNlx9qQS8FmhsYNTzirnTQYczOARNBCgRxbvDwKvODE:1vmE7g:Nkfvk7ZZQ573KztuAiBt2zZ9k9pLhKUQVPwkx8itCAM", "expire_date": "2026-02-14T16:47:00.628Z"}}, {"model": "sessions.session", "pk": "994ko0uf4mws5e6s2il2pqykhaju3o1a", "fields": {"session_data": ".eJxVjLsOwjAMAP8lM4pM4pCUkb3fEDmxTQqolfqYEP-OKnWA9e50b5NpW1veFpnzwOZqvDn9skL1KeMu-EHjfbJ1Gtd5KHZP7GEX208sr9vR_g0aLW3fKnhCOCcnF0wuAoBWFikBU0IF7RyEEBlJyVPA6JSiCmnnhZHBfL7OlDf8:1tpaQM:SKDQnoXkyFarJNiSF5tQxhhjFxdGkPexDmn5LVn4XzY", "expire_date": "2025-03-18T22:07:38.378Z"}}, {"model": "sessions.session", "pk": "9elgn7lqhswh8ybl1sxqnfrteusvfa5y", "fields": {"session_data": ".eJxVjEEOwiAQRe_C2hCg0BGX7nsGMgODVA0kpV0Z765NutDtf-_9lwi4rSVsnZcwJ3ERWpx-N8L44LqDdMd6azK2ui4zyV2RB-1yaomf18P9OyjYy7f2lHSOkewYWY-QDAPqbNlx9qQS8FmhsYNTzirnTQYczOARNBCgRxbvDwKvODE:1vmDXS:5Nmiaweui1SrAkvwJY-3IH_M5mSjG_K4Y8YnsKsWeDc", "expire_date": "2026-02-14T16:09:34.935Z"}}, {"model": "sessions.session", "pk": "cpjiqvcltcrz7vvg1zf84isg4bz6m8lh", "fields": {"session_data": ".eJxVjLsOwjAMAP8lM4pM4pCUkb3fEDmxTQqolfqYEP-OKnWA9e50b5NpW1veFpnzwOZqvDn9skL1KeMu-EHjfbJ1Gtd5KHZP7GEX208sr9vR_g0aLW3fKnhCOCcnF0wuAoBWFikBU0IF7RyEEBlJyVPA6JSiCmnnhZHBfL7OlDf8:1tmSgO:lQ7Qg4rcu7gPOyUwo_PL8Uu_4fyXuj5m8phl8drZIxo", "expire_date": "2025-03-10T07:15:16.938Z"}}, {"model": "sessions.session", "pk": "cxj09mor8jk54trm0kjktk6pbbxutpyn", "fields": {"session_data": ".eJxVjLsOgkAQAP9la3PZe3kHpb3fQJbbXUENJDwqwr8rCYW2M5PZoKF16Zp1lqnpGWrwcPllLZWXDIfgJw2P0ZRxWKa-NUdiTjub-8jyvp3t36CjuTu2ip4C2uzkGrJLiKiFRdoYcg6KWjmMMXEgJU8xJKeUVEgrLxwYv9NC0wL1BjZZqO2-fwCs_DyQ:1toOig:2SCDYdkzzpS4azT2u41bVNmOFRRAO7gx-o08iOaUikM", "expire_date": "2025-03-15T15:25:38.285Z"}}, {"model": "sessions.session", "pk": "dchrqnj7vvofwunmkkgxs5m63lcf2814", "fields": {"session_data": ".eJxVjEEOwiAQRe_C2pAySEdcuvcMZGAGqRpISrsy3l2bdKHb_977LxVoXUpYu8xhYnVWRh1-t0jpIXUDfKd6azq1usxT1Juid9r1tbE8L7v7d1Col2-NIEhMYDFjlui9I_acTyaaDNmNTnhIaABJwFlIkgQt4dG5cQDMSb0_A-g4bg:1tlXTE:A9xsU8qf0ZpCvulnhvUdqdZlQR1E-vqzOdaAkfjAF9w", "expire_date": "2025-03-07T18:09:52.779Z"}}, {"model": "sessions.session", "pk": "dje95s0qbbq023zdvz2xoy3daau93epp", "fields": {"session_data": ".eJxVjDsOgzAQBe-ydWT5y8Yu03MGtLbXMUkEEp8KcfeARJG0b-bNBh2tS-3WmaeuzxBAwe13i5TePJwgv2h4jiKNwzL1UZyKuOgs2jHz53G5f4FKcz3ePmZVUoq2SawazJqRVLHsuPgoM_JdkrbGSWel87ogGW08ocKI5ImPaKJpgbCBQgPB7PsX5J88yQ:1tpvoA:4KdmjktYp6ScvfQJHS4HF0vTeZbnKPLYUluBreLXz4c", "expire_date": "2025-03-19T20:57:38.626Z"}}, {"model": "sessions.session", "pk": "e75fk300o4r6ad233nnw0yvj5fc7emha", "fields": {"session_data": ".eJxVjDEOgzAMAP-SuYpM4jSBsXvfgExsF9oKJAIT4u8tEkO73p1uMy2tS9-uReZ2YNMYby6_rKP8kvEQ_KTxMdk8jcs8dPZI7GmLvU8s79vZ_g16Kv2xVfCEUCUnV0wuAoBmFukCpoQKWjsIITKSkqeA0SlFFdLaCyPDd5ppXkyzmSp60-C-fwCtETyV:1tpALM:UB2R0aLjrd3_e9fUzO9h2j64fKXcdNI_6mor8_oGgMc", "expire_date": "2025-03-17T18:16:44.820Z"}}, {"model": "sessions.session", "pk": "hnu3rexjlvfg0pvip6viprl820qc6fs5", "fields": {"session_data": ".eJxVjLsOwjAMAP8lM4pM4pCUkb3fEDmxTQqolfqYEP-OKnWA9e50b5NpW1veFpnzwOZqvDn9skL1KeMu-EHjfbJ1Gtd5KHZP7GEX208sr9vR_g0aLW3fKnhCOCcnF0wuAoBWFikBU0IF7RyEEBlJyVPA6JSiCmnnhZHBfL7OlDf8:1toi4r:ujhU7vXhxQc10rmFIABqO3YlFyBQ9HYn4-OG_jINL74", "expire_date": "2025-03-16T12:05:49.116Z"}}, {"model": "sessions.session", "pk": "jotxbo3wzpbc54m6qah0z0uhugld1g9y", "fields": {"session_data": "e30:1tlUN7:tEu4uAems_kNvVVATNggC3J8xScnx34YIVMVUYZXu4M", "expire_date": "2025-03-07T14:51:21.965Z"}}, {"model": "sessions.session", "pk": "jxkdumyu395973anwibro298ldhyz8vc", "fields": {"session_data": ".eJxVjDkOgzAQRe8yNbK8jLFxmT5nQAMeB5IIJJYKcffYCkVSPf1F74CW9m1o95WXdowQwED123XUv3gqQ3zS9JhFP0_bMnaiXMS1ruI-R37fru-fYKB1KNokDaFUXnONXjspZeojc2fRe0wyNVpa6yJSIkMWnU7kElNqDEeMMkt7WjYIByinIOgKVG0gqEL80uWMmbbO-Tw_i6RCbA:1tpBgi:shdBQjsHJFrmrMv8alh-oaYPexK0Ceo02fZb2X7n7-o", "expire_date": "2025-03-17T19:42:52.078Z"}}, {"model": "sessions.session", "pk": "kd7ye48v4krqey8czjyurfupe1x73d26", "fields": {"session_data": ".eJxVjEEOgjAQRe_StWlaOi3g0j1naKYzU0ENTSisjHcXEha6_e-9_1YRt3WMW5UlTqyuqlGX3y0hPWU-AD9wvhdNZV6XKelD0Seteigsr9vp_h2MWMe9BpcbD00rjAGFM1oCmx101O3AteTZ9gx9NmgwcOiC-GCt5ITgDYH6fAHxfDgt:1txkX7:7wCHNr9JC3m5rLt08EWpoKodpxtvXN7pClMag8Q2ZpY", "expire_date": "2025-04-10T10:32:21.935Z"}}, {"model": "sessions.session", "pk": "kwth2lacamkk6zbjtkh6oecbiqwniv9m", "fields": {"session_data": ".eJxVjEEOwiAQRe_C2hCg0BGX7nsGMgODVA0kpV0Z765NutDtf-_9lwi4rSVsnZcwJ3ERWpx-N8L44LqDdMd6azK2ui4zyV2RB-1yaomf18P9OyjYy7f2lHSOkewYWY-QDAPqbNlx9qQS8FmhsYNTzirnTQYczOARNBCgRxbvDwKvODE:1vm4ms:8eE1EFsNRPGohWkiEiNwP8t7oJwNnGzPVfqy0yndS7I", "expire_date": "2026-02-14T06:48:54.747Z"}}, {"model": "sessions.session", "pk": "kyemv2kuvpx5hwkqnu44ck6veqlaxrmt", "fields": {"session_data": ".eJxVjMsOwiAQRf-FtSEwUB4u3fsNZIBBqgaS0q6M_65NutDtPefcFwu4rTVsg5YwZ3Zmkp1-t4jpQW0H-Y7t1nnqbV3myHeFH3Twa8_0vBzu30HFUb81KAHRgDXCuql4nzxIclH4SDpL4RDkhMqDt7agk5lAGohUCoHWlhR7fwCzkDca:1wHsXu:EbperGwyHUMHEyxUqAL7FtmPeQfRoUjgj0I6WvOyHWc", "expire_date": "2026-05-13T00:12:54.628Z"}}, {"model": "sessions.session", "pk": "meooq97k44zs1o56arcq862erx2u0283", "fields": {"session_data": ".eJxVjEEOwiAQRe_C2hCg0BGX7nsGMgODVA0kpV0Z765NutDtf-_9lwi4rSVsnZcwJ3ERWpx-N8L44LqDdMd6azK2ui4zyV2RB-1yaomf18P9OyjYy7f2lHSOkewYWY-QDAPqbNlx9qQS8FmhsYNTzirnTQYczOARNBCgRxbvDwKvODE:1vmBYm:_Ea9eMw05kSNzbfvJ2bihebMd4KOkaYWbC5jY7GwP6w", "expire_date": "2026-02-14T14:02:48.863Z"}}, {"model": "sessions.session", "pk": "ojev94msw04m2lf2l4d8biplg6xq6fq7", "fields": {"session_data": "e30:1tlUMe:mCSyMogpCDZljOhRuQoF4Q-JpbddR8hHu3PlxqLNw4E", "expire_date": "2025-03-07T14:50:52.218Z"}}, {"model": "sessions.session", "pk": "ov1k5rxv8c5kl5bnx69d4fcpoq7l9yw1", "fields": {"session_data": ".eJxVjLsOwjAMAP8lM4pM4pCUkb3fEDmxTQqolfqYEP-OKnWA9e50b5NpW1veFpnzwOZqvDn9skL1KeMu-EHjfbJ1Gtd5KHZP7GEX208sr9vR_g0aLW3fKnhCOCcnF0wuAoBWFikBU0IF7RyEEBlJyVPA6JSiCmnnhZHBfL7OlDf8:1tmSXW:pS3dju5yEFmUsCotetJjR0hoCMNMhpdu3PkmAMyevB4", "expire_date": "2025-03-10T07:06:06.080Z"}}, {"model": "sessions.session", "pk": "t295qtmq97kta272oe1u861qpen6xzl9", "fields": {"session_data": ".eJxVjEEOwiAQRe_C2hCg0BGX7nsGMgODVA0kpV0Z765NutDtf-_9lwi4rSVsnZcwJ3ERWpx-N8L44LqDdMd6azK2ui4zyV2RB-1yaomf18P9OyjYy7f2lHSOkewYWY-QDAPqbNlx9qQS8FmhsYNTzirnTQYczOARNBCgRxbvDwKvODE:1vlvuw:iE5wkehYI06qeBDu2Wro63F-rl7ppsKgi8WgXwrxhXo", "expire_date": "2026-02-13T21:20:38.842Z"}}, {"model": "sessions.session", "pk": "uwezb2uz3as48g2ybuinmpjuxmjeupu6", "fields": {"session_data": ".eJxVjDsOgzAQBe-yNbLWP2wo03MGtNi7gSQCiU-FuHtAokiqJ70ZzQ4tbWvfbgvP7ZChBgvF79dRevN4gfyi8TmpNI3rPHTqUtRNF9VMmT-P2_0L9LT0V1bQkkMdDZcumoCIkjJz512MTlAqg96H7EjIknfBCAVhkspydhnPaKJ5hXoHXQaodQE66HOP4wuTTT4J:1vlXiW:_BcS_RetQ74cxmKfWXXe6i6bDwZGDMFi39i1F4EGCkA", "expire_date": "2026-02-12T19:30:12.719Z"}}, {"model": "sessions.session", "pk": "uz2kd072wnikic85m19u77otts1e4v1k", "fields": {"session_data": ".eJxVjDsOgzAQBe-yNbLWv9hQpucMaLF3A0kEEp8KcffEEkVSPenNaA7oaN-Gbl956cYMDViofr-e0ounAvKTpses0jxty9iroqiLrqqdM7_vl_sXGGgdSlbQkkMdDd9cNAERJWXm3rsYnaDUBr0P2ZGQJe-CEQrCJLXl7DJ-o4mWDZoDdLDQ6Aq0KXueH5MNPgM:1tofCR:KxbXw_hFsToOy7TitnMudTvyMUpqwwf2i8wK1jKo8hE", "expire_date": "2025-03-16T09:01:27.211Z"}}, {"model": "sessions.session", "pk": "xn3yz95nljpbx3axl225nejpuup26xyi", "fields": {"session_data": ".eJxVjLsOwjAMAP8lM4pM4pCUkb3fEDmxTQqolfqYEP-OKnWA9e50b5NpW1veFpnzwOZqvDn9skL1KeMu-EHjfbJ1Gtd5KHZP7GEX208sr9vR_g0aLW3fKnhCOCcnF0wuAoBWFikBU0IF7RyEEBlJyVPA6JSiCmnnhZHBfL7OlDf8:1vloe8:6alvvOFIy_zxGhaOxdcT-u2A1B4LPjoccQdcJHI2zlw", "expire_date": "2026-02-13T13:34:48.807Z"}}, {"model": "marketplace.subscriptiontier", "pk": 1, "fields": {"name": "Standard", "price": "5000.00", "benefits": "Basic support,Standard badge,Access to offers", "duration": 30, "is_active": true}}, {"model": "marketplace.subscriptiontier", "pk": 2, "fields": {"name": "Premium", "price": "15000.00", "benefits": "Premium support,Gold badge,Priority offers,Featured placement,Test", "duration": 30, "is_active": true}}, {"model": "marketplace.mobilenetwork", "pk": 1, "fields": {"name": "Airtel Money", "image": "mobile-networks/airtel money.png"}}, {"model": "marketplace.mobilenetwork", "pk": 2, "fields": {"name": "Halopesa", "image": "mobile-networks/halopesa_tanzania_logo.jpg"}}, {"model": "marketplace.mobilenetwork", "pk": 3, "fields": {"name": "M-Pesa", "image": "mobile-networks/mpesa.png"}}, {"model": "marketplace.mobilenetwork", "pk": 4, "fields": {"name": "Mixx by Yas", "image": "mobile-networks/mixx_by_yas.png"}}, {"model": "marketplace.lipanumber", "pk": 1, "fields": {"seller": 1, "network": 1, "number": "101010", "name": "BSANS", "is_active": true, "display_order": 0}}, {"model": "marketplace.lipanumber", "pk": 2, "fields": {"seller": 1, "network": 2, "number": "101520", "name": "BSANS", "is_active": true, "display_order": 0}}, {"model": "marketplace.lipanumber", "pk": 3, "fields": {"seller": 1, "network": 3, "number": "1235672", "name": "BSAND CO.", "is_active": true, "display_order": 0}}, {"model": "marketplace.lipanumber", "pk": 4, "fields": {"seller": 1, "network": 4, "number": "856485", "name": "BSANS CO.", "is_active": true, "display_order": 0}}, {"model": "marketplace.subscription", "pk": 1, "fields": {"user": 1, "tier": null, "start_date": null, "end_date": null, "is_active": false}}, {"model": "marketplace.subscription", "pk": 2, "fields": {"user": 1, "tier": null, "start_date": null, "end_date": null, "is_active": false}}, {"model": "marketplace.subscription", "pk": 3, "fields": {"user": 1, "tier": null, "start_date": null, "end_date": null, "is_active": false}}, {"model": "marketplace.subscription", "pk": 4, "fields": {"user": 1, "tier": null, "start_date": null, "end_date": null, "is_active": false}}, {"model": "marketplace.subscription", "pk": 5, "fields": {"user": 1, "tier": null, "start_date": null, "end_date": null, "is_active": false}}, {"model": "marketplace.category", "pk": 17, "fields": {"name": "Vehicles", "slug": "vehicles", "description": "Cars, motorcycles, trucks, etc.", "parent": null}}, {"model": "marketplace.category", "pk": 18, "fields": {"name": "Cars", "slug": "cars", "description": "Passenger cars", "parent": 17}}, {"model": "marketplace.category", "pk": 19, "fields": {"name": "Trucks", "slug": "trucks", "description": "Trucks and heavy-duty vehicles", "parent": 17}}, {"model": "marketplace.category", "pk": 20, "fields": {"name": "Motorcycles", "slug": "motorcycles", "description": "Motorcycles and scooters", "parent": 17}}, {"model": "marketplace.category", "pk": 21, "fields": {"name": "SUVs", "slug": "suvs", "description": "Sports Utility Vehicles", "parent": 17}}, {"model": "marketplace.category", "pk": 22, "fields": {"name": "Vehicle Spares", "slug": "vehicle-spares", "description": "Spare parts for vehicles", "parent": null}}, {"model": "marketplace.category", "pk": 23, "fields": {"name": "Engine Parts", "slug": "engine-parts", "description": "Engine components", "parent": 22}}, {"model": "marketplace.category", "pk": 24, "fields": {"name": "Body Parts", "slug": "body-parts", "description": "Body panels, doors, etc.", "parent": 22}}, {"model": "marketplace.category", "pk": 25, "fields": {"name": "Tires & Wheels", "slug": "tires-wheels", "description": "Tires and wheel sets", "parent": 22}}, {"model": "marketplace.category", "pk": 26, "fields": {"name": "Electrical", "slug": "electrical", "description": "Car's Electrical parts", "parent": 22}}, {"model": "marketplace.category", "pk": 27, "fields": {"name": "Accessories", "slug": "accessories", "description": "Vehicle Accessories", "parent": 22}}, {"model": "marketplace.category", "pk": 28, "fields": {"name": "Oil & Lubricants", "slug": "oil-lubricants", "description": "Oils and Lubricants", "parent": 22}}, {"model": "marketplace.product", "pk": 112, "fields": {"name": "2018 Toyota Corolla", "slug": "2018-toyota-corolla", "description": "Used sedan in good condition.", "price": "12000.00", "stock": 1, "is_available": true, "category": 18, "seller": 4, "created_at": "2025-02-21T17:15:24.200Z", "updated_at": "2025-02-21T17:15:24.200Z", "condition": "Used"}}, {"model": "marketplace.product", "pk": 113, "fields": {"name": "2021 Ford F-150", "slug": "2021-ford-f-150", "description": "Well-maintained pickup truck.", "price": "35000.00", "stock": 1, "is_available": true, "category": 19, "seller": 5, "created_at": "2025-02-21T17:15:24.345Z", "updated_at": "2025-02-21T17:15:24.345Z", "condition": "Used"}}, {"model": "marketplace.product", "pk": 114, "fields": {"name": "2023 Honda Civic", "slug": "2023-honda-civic", "description": "Brand new compact car.", "price": "22000.00", "stock": 5, "is_available": true, "category": 18, "seller": 4, "created_at": "2025-02-21T17:15:24.454Z", "updated_at": "2025-02-21T17:15:24.454Z", "condition": "New"}}, {"model": "marketplace.product", "pk": 115, "fields": {"name": "2020 BMW X5", "slug": "2020-bmw-x5", "description": "Luxury SUV with low mileage.", "price": "45000.00", "stock": 1, "is_available": true, "category": 18, "seller": 5, "created_at": "2025-02-21T17:15:24.574Z", "updated_at": "2025-02-21T17:15:24.574Z", "condition": "Used"}}, {"model": "marketplace.product", "pk": 116, "fields": {"name": "2015 Harley-Davidson Sportster", "slug": "2015-harley-davidson-sportster", "description": "Classic motorcycle, well-maintained.", "price": "8000.00", "stock": 1, "is_available": true, "category": 20, "seller": 4, "created_at": "2025-02-21T17:15:24.680Z", "updated_at": "2025-02-21T17:15:24.680Z", "condition": "Used"}}, {"model": "marketplace.product", "pk": 117, "fields": {"name": "2024 Toyota RAV4", "slug": "2024-toyota-rav4", "description": "Brand New, Hybrid engine", "price": "34000.00", "stock": 3, "is_available": true, "category": 21, "seller": 5, "created_at": "2025-02-21T17:15:24.825Z", "updated_at": "2025-02-21T17:15:24.825Z", "condition": "New"}}, {"model": "marketplace.product", "pk": 118, "fields": {"name": "2019 Toyota Land Cruiser Prado", "slug": "2019-toyota-land-cruiser-prado", "description": "Used SUV in excellent condition. Low mileage.", "price": "45000000.00", "stock": 1, "is_available": true, "category": 21, "seller": 4, "created_at": "2025-02-21T17:15:24.999Z", "updated_at": "2025-02-21T17:15:24.999Z", "condition": "Used"}}, {"model": "marketplace.product", "pk": 119, "fields": {"name": "2020 Honda CB650R", "slug": "2020-honda-cb650r", "description": "Well-maintained naked bike, great for city riding.", "price": "7500.00", "stock": 1, "is_available": true, "category": 20, "seller": 5, "created_at": "2025-02-21T17:15:25.115Z", "updated_at": "2025-02-21T17:15:25.115Z", "condition": "Used"}}, {"model": "marketplace.product", "pk": 120, "fields": {"name": "2017 Ford Ranger XLT", "slug": "2017-ford-ranger-xlt", "description": "Used pickup truck, 4x4, diesel engine.", "price": "28000.00", "stock": 1, "is_available": true, "category": 19, "seller": 4, "created_at": "2025-02-21T17:15:25.234Z", "updated_at": "2025-02-21T17:15:25.234Z", "condition": "Used"}}, {"model": "marketplace.product", "pk": 121, "fields": {"name": "2022 Subaru Forester", "slug": "2022-subaru-forester", "description": "New, all-wheel drive, spacious interior.", "price": "26000.00", "stock": 3, "is_available": true, "category": 21, "seller": 5, "created_at": "2025-02-21T17:15:25.354Z", "updated_at": "2025-02-21T17:15:25.354Z", "condition": "New"}}, {"model": "marketplace.product", "pk": 122, "fields": {"name": "Toyota Corolla Headlight Assembly (Left)", "slug": "toyota-corolla-headlight-assembly-left", "description": "Genuine Toyota part, fits 2015-2019 models.", "price": "150.00", "stock": 10, "is_available": true, "category": 24, "seller": 4, "created_at": "2025-02-21T17:15:25.482Z", "updated_at": "2025-02-21T17:15:25.482Z", "condition": "New"}}, {"model": "marketplace.product", "pk": 123, "fields": {"name": "Ford F-150 Brake Pads (Front)", "slug": "ford-f-150-brake-pads-front", "description": "Premium brake pads for Ford F-150.", "price": "75.00", "stock": 20, "is_available": true, "category": 23, "seller": 5, "created_at": "2025-02-21T17:15:25.670Z", "updated_at": "2025-02-21T17:15:25.670Z", "condition": "New"}}, {"model": "marketplace.product", "pk": 124, "fields": {"name": "Michelin Primacy Tour A/S Tire", "slug": "michelin-primacy-tour-as-tire", "description": "225/65R17 All-Season Tire", "price": "180.00", "stock": 40, "is_available": true, "category": 25, "seller": 4, "created_at": "2025-02-21T17:15:25.828Z", "updated_at": "2025-02-21T17:15:25.828Z", "condition": "New"}}, {"model": "marketplace.product", "pk": 125, "fields": {"name": "BMW X5 Radiator", "slug": "bmw-x5-radiator", "description": "Replacement radiator for 2018-2022 BMW X5.", "price": "350.00", "stock": 5, "is_available": true, "category": 23, "seller": 5, "created_at": "2025-02-21T17:15:25.948Z", "updated_at": "2025-02-21T17:15:25.948Z", "condition": "New"}}, {"model": "marketplace.product", "pk": 126, "fields": {"name": "Generic Car Battery", "slug": "generic-car-battery", "description": "12V car battery, fits most models.", "price": "120.00", "stock": 30, "is_available": true, "category": 26, "seller": 4, "created_at": "2025-02-21T17:15:26.040Z", "updated_at": "2025-02-21T17:15:26.040Z", "condition": "New"}}, {"model": "marketplace.product", "pk": 127, "fields": {"name": "Bosch Spark Plugs (Set of 4)", "slug": "bosch-spark-plugs-set-of-4", "description": "High-performance spark plugs.", "price": "25.00", "stock": 100, "is_available": true, "category": 23, "seller": 4, "created_at": "2025-02-21T17:15:26.159Z", "updated_at": "2025-02-21T17:15:26.159Z", "condition": "New"}}, {"model": "marketplace.product", "pk": 128, "fields": {"name": "Honda Civic Side Mirror (Right)", "slug": "honda-civic-side-mirror-right", "description": "Replacement side mirror for 2016-2021 Honda Civic.", "price": "80.00", "stock": 12, "is_available": true, "category": 24, "seller": 5, "created_at": "2025-02-21T17:15:26.260Z", "updated_at": "2025-02-21T17:15:26.260Z", "condition": "New"}}, {"model": "marketplace.product", "pk": 129, "fields": {"name": "Universal Car Seat Covers", "slug": "universal-car-seat-covers", "description": "Fits most car models.", "price": "45.00", "stock": 50, "is_available": true, "category": 27, "seller": 4, "created_at": "2025-02-21T17:15:26.372Z", "updated_at": "2025-02-21T17:15:26.372Z", "condition": "New"}}, {"model": "marketplace.product", "pk": 130, "fields": {"name": "Castrol Engine Oil", "slug": "castrol-engine-oil", "description": "5W-30 Synthetic Blend Motor Oil", "price": "50.00", "stock": 54, "is_available": true, "category": 28, "seller": 5, "created_at": "2025-02-21T17:15:26.482Z", "updated_at": "2025-02-21T17:15:26.482Z", "condition": "New"}}, {"model": "marketplace.product", "pk": 131, "fields": {"name": "Harley-Davidson Windshield", "slug": "harley-davidson-windshield", "description": "Detachable windshield for touring models.", "price": "300.00", "stock": 5, "is_available": true, "category": 27, "seller": 5, "created_at": "2025-02-21T17:15:26.595Z", "updated_at": "2025-02-21T17:15:26.595Z", "condition": "Used"}}, {"model": "marketplace.product", "pk": 132, "fields": {"name": "Used VW Jetta Engine", "slug": "used-vw-jetta-engine", "description": "2.0L engine, 100,000 miles, runs well.", "price": "650.00", "stock": 1, "is_available": true, "category": 23, "seller": 4, "created_at": "2025-02-21T17:15:26.713Z", "updated_at": "2025-02-21T17:15:26.713Z", "condition": "Used"}}, {"model": "marketplace.product", "pk": 133, "fields": {"name": "Subaru Outback Roof Rack", "slug": "subaru-outback-roof-rack", "description": "Used roof rack for a Subaru Outback.", "price": "400000.00", "stock": 4, "is_available": true, "category": 27, "seller": 5, "created_at": "2025-02-21T17:15:26.822Z", "updated_at": "2025-02-21T17:15:26.822Z", "condition": "Used"}}, {"model": "marketplace.product", "pk": 134, "fields": {"name": "Car Stereo Head Unit", "slug": "car-stereo-head-unit", "description": "Used aftermarket head unit with Bluetooth.", "price": "80.00", "stock": 1, "is_available": true, "category": 26, "seller": 4, "created_at": "2025-02-21T17:15:26.941Z", "updated_at": "2025-02-21T17:15:26.941Z", "condition": "Used"}}, {"model": "marketplace.product", "pk": 135, "fields": {"name": "Set of Seat Covers", "slug": "set-of-seat-covers", "description": "Used Universal seat cover sets", "price": "25000.00", "stock": 4, "is_available": true, "category": 27, "seller": 5, "created_at": "2025-02-21T17:15:27.072Z", "updated_at": "2025-02-21T17:15:27.072Z", "condition": "Used"}}, {"model": "marketplace.product", "pk": 136, "fields": {"name": "2016 BMW 328i", "slug": "2016-bmw-328i", "description": "Used luxury sedan, good condition, leather seats.", "price": "18000.00", "stock": 1, "is_available": true, "category": 18, "seller": 4, "created_at": "2025-02-21T17:15:27.184Z", "updated_at": "2025-02-21T17:15:27.184Z", "condition": "Used"}}, {"model": "marketplace.product", "pk": 137, "fields": {"name": "2024 Tesla Model 3", "slug": "2024-tesla-model-3", "description": "New electric car, long range.", "price": "42000.00", "stock": 2, "is_available": true, "category": 18, "seller": 5, "created_at": "2025-02-21T17:15:27.306Z", "updated_at": "2025-02-21T17:15:27.306Z", "condition": "New"}}, {"model": "marketplace.product", "pk": 138, "fields": {"name": "2014 Jeep Wrangler", "slug": "2014-jeep-wrangler", "description": "Used off-road vehicle, lifted, custom wheels.", "price": "22000.00", "stock": 1, "is_available": true, "category": 21, "seller": 4, "created_at": "2025-02-21T17:15:27.428Z", "updated_at": "2025-02-21T17:15:27.428Z", "condition": "Used"}}, {"model": "marketplace.product", "pk": 139, "fields": {"name": "2023 Yamaha YZF-R6", "slug": "2023-yamaha-yzf-r6", "description": "New sportbike, powerful engine.", "price": "12000.00", "stock": 4, "is_available": true, "category": 20, "seller": 5, "created_at": "2025-02-21T17:15:27.551Z", "updated_at": "2025-02-21T17:15:27.551Z", "condition": "New"}}, {"model": "marketplace.product", "pk": 140, "fields": {"name": "BMW X5 Fuel Pump", "slug": "bmw-x5-fuel-pump", "description": "Replacement fuel pump for 2018-2022 BMW X5 models.", "price": "450.00", "stock": 4, "is_available": true, "category": 23, "seller": 5, "created_at": "2025-02-21T17:15:27.693Z", "updated_at": "2025-02-21T17:15:27.693Z", "condition": "New"}}, {"model": "marketplace.product", "pk": 141, "fields": {"name": "2018 Toyota Corolla", "slug": "2018-toyota-corolla-1", "description": "Used sedan in good condition.", "price": "12000.00", "stock": 1, "is_available": true, "category": 18, "seller": 4, "created_at": "2025-02-21T17:17:41.288Z", "updated_at": "2025-02-21T17:17:41.288Z", "condition": "Used"}}, {"model": "marketplace.product", "pk": 142, "fields": {"name": "2021 Ford F-150", "slug": "2021-ford-f-150-1", "description": "Well-maintained pickup truck.", "price": "35000.00", "stock": 1, "is_available": true, "category": 19, "seller": 5, "created_at": "2025-02-21T17:17:41.373Z", "updated_at": "2025-02-21T17:17:41.373Z", "condition": "Used"}}, {"model": "marketplace.product", "pk": 143, "fields": {"name": "2023 Honda Civic", "slug": "2023-honda-civic-1", "description": "Brand new compact car.", "price": "22000.00", "stock": 5, "is_available": true, "category": 18, "seller": 4, "created_at": "2025-02-21T17:17:41.483Z", "updated_at": "2025-02-21T17:17:41.483Z", "condition": "New"}}, {"model": "marketplace.product", "pk": 144, "fields": {"name": "2020 BMW X5", "slug": "2020-bmw-x5-1", "description": "Luxury SUV with low mileage.", "price": "45000.00", "stock": 1, "is_available": true, "category": 18, "seller": 5, "created_at": "2025-02-21T17:17:41.593Z", "updated_at": "2025-02-21T17:17:41.593Z", "condition": "Used"}}, {"model": "marketplace.product", "pk": 145, "fields": {"name": "2015 Harley-Davidson Sportster", "slug": "2015-harley-davidson-sportster-1", "description": "Classic motorcycle, well-maintained.", "price": "8000.00", "stock": 1, "is_available": true, "category": 20, "seller": 4, "created_at": "2025-02-21T17:17:41.700Z", "updated_at": "2025-02-21T17:17:41.700Z", "condition": "Used"}}, {"model": "marketplace.product", "pk": 146, "fields": {"name": "2024 Toyota RAV4", "slug": "2024-toyota-rav4-1", "description": "Brand New, Hybrid engine", "price": "34000.00", "stock": 3, "is_available": true, "category": 21, "seller": 5, "created_at": "2025-02-21T17:17:41.821Z", "updated_at": "2025-02-21T17:17:41.822Z", "condition": "New"}}, {"model": "marketplace.product", "pk": 147, "fields": {"name": "2019 Toyota Land Cruiser Prado", "slug": "2019-toyota-land-cruiser-prado-1", "description": "Used SUV in excellent condition. Low mileage.", "price": "45000000.00", "stock": 1, "is_available": true, "category": 21, "seller": 4, "created_at": "2025-02-21T17:17:41.976Z", "updated_at": "2025-02-21T17:17:41.976Z", "condition": "Used"}}, {"model": "marketplace.product", "pk": 148, "fields": {"name": "2020 Honda CB650R", "slug": "2020-honda-cb650r-1", "description": "Well-maintained naked bike, great for city riding.", "price": "7500.00", "stock": 1, "is_available": true, "category": 20, "seller": 5, "created_at": "2025-02-21T17:17:42.106Z", "updated_at": "2025-02-21T17:17:42.106Z", "condition": "Used"}}, {"model": "marketplace.product", "pk": 149, "fields": {"name": "2017 Ford Ranger XLT", "slug": "2017-ford-ranger-xlt-1", "description": "Used pickup truck, 4x4, diesel engine.", "price": "28000.00", "stock": 1, "is_available": true, "category": 19, "seller": 4, "created_at": "2025-02-21T17:17:42.214Z", "updated_at": "2025-02-21T17:17:42.214Z", "condition": "Used"}}, {"model": "marketplace.product", "pk": 150, "fields": {"name": "2022 Subaru Forester", "slug": "2022-subaru-forester-1", "description": "New, all-wheel drive, spacious interior.", "price": "26000.00", "stock": 3, "is_available": true, "category": 21, "seller": 5, "created_at": "2025-02-21T17:17:42.322Z", "updated_at": "2025-02-21T17:17:42.322Z", "condition": "New"}}, {"model": "marketplace.product", "pk": 151, "fields": {"name": "Toyota Corolla Headlight Assembly (Left)", "slug": "toyota-corolla-headlight-assembly-left-1", "description": "Genuine Toyota part, fits 2015-2019 models.", "price": "150.00", "stock": 10, "is_available": true, "category": 24, "seller": 4, "created_at": "2025-02-21T17:17:42.422Z", "updated_at": "2025-02-21T17:17:42.422Z", "condition": "New"}}, {"model": "marketplace.product", "pk": 152, "fields": {"name": "Ford F-150 Brake Pads (Front)", "slug": "ford-f-150-brake-pads-front-1", "description": "Premium brake pads for Ford F-150.", "price": "75.00", "stock": 20, "is_available": true, "category": 23, "seller": 5, "created_at": "2025-02-21T17:17:42.556Z", "updated_at": "2025-02-21T17:17:42.556Z", "condition": "New"}}, {"model": "marketplace.product", "pk": 153, "fields": {"name": "Michelin Primacy Tour A/S Tire", "slug": "michelin-primacy-tour-as-tire-1", "description": "225/65R17 All-Season Tire", "price": "180.00", "stock": 40, "is_available": true, "category": 25, "seller": 4, "created_at": "2025-02-21T17:17:42.673Z", "updated_at": "2025-02-21T17:17:42.673Z", "condition": "New"}}, {"model": "marketplace.product", "pk": 154, "fields": {"name": "BMW X5 Radiator", "slug": "bmw-x5-radiator-1", "description": "Replacement radiator for 2018-2022 BMW X5.", "price": "350.00", "stock": 5, "is_available": true, "category": 23, "seller": 5, "created_at": "2025-02-21T17:17:42.800Z", "updated_at": "2025-02-21T17:17:42.800Z", "condition": "New"}}, {"model": "marketplace.product", "pk": 155, "fields": {"name": "Generic Car Battery", "slug": "generic-car-battery-1", "description": "12V car battery, fits most models.", "price": "120.00", "stock": 30, "is_available": true, "category": 26, "seller": 4, "created_at": "2025-02-21T17:17:42.964Z", "updated_at": "2025-02-21T17:17:42.964Z", "condition": "New"}}, {"model": "marketplace.product", "pk": 156, "fields": {"name": "Bosch Spark Plugs (Set of 4)", "slug": "bosch-spark-plugs-set-of-4-1", "description": "High-performance spark plugs.", "price": "25.00", "stock": 100, "is_available": true, "category": 23, "seller": 4, "created_at": "2025-02-21T17:17:43.095Z", "updated_at": "2025-02-21T17:17:43.096Z", "condition": "New"}}, {"model": "marketplace.product", "pk": 157, "fields": {"name": "Honda Civic Side Mirror (Right)", "slug": "honda-civic-side-mirror-right-1", "description": "Replacement side mirror for 2016-2021 Honda Civic.", "price": "80.00", "stock": 12, "is_available": true, "category": 24, "seller": 5, "created_at": "2025-02-21T17:17:43.218Z", "updated_at": "2025-02-21T17:17:43.218Z", "condition": "New"}}, {"model": "marketplace.product", "pk": 158, "fields": {"name": "Universal Car Seat Covers", "slug": "universal-car-seat-covers-1", "description": "Fits most car models.", "price": "45.00", "stock": 49, "is_available": true, "category": 27, "seller": 4, "created_at": "2025-02-21T17:17:43.399Z", "updated_at": "2025-02-28T08:54:59.210Z", "condition": "New"}}, {"model": "marketplace.product", "pk": 159, "fields": {"name": "Castrol Engine Oil", "slug": "castrol-engine-oil-1", "description": "5W-30 Synthetic Blend Motor Oil", "price": "50.00", "stock": 52, "is_available": true, "category": 28, "seller": 5, "created_at": "2025-02-21T17:17:43.499Z", "updated_at": "2025-02-28T08:29:41.802Z", "condition": "New"}}, {"model": "marketplace.product", "pk": 160, "fields": {"name": "Harley-Davidson Windshield", "slug": "harley-davidson-windshield-1", "description": "Detachable windshield for touring models.", "price": "300.00", "stock": 5, "is_available": true, "category": 27, "seller": 5, "created_at": "2025-02-21T17:17:43.630Z", "updated_at": "2025-02-21T17:17:43.630Z", "condition": "Used"}}, {"model": "marketplace.product", "pk": 161, "fields": {"name": "Used VW Jetta Engine", "slug": "used-vw-jetta-engine-1", "description": "2.0L engine, 100,000 miles, runs well.", "price": "650.00", "stock": 1, "is_available": true, "category": 23, "seller": 4, "created_at": "2025-02-21T17:17:43.752Z", "updated_at": "2025-02-21T17:17:43.754Z", "condition": "Used"}}, {"model": "marketplace.product", "pk": 162, "fields": {"name": "Subaru Outback Roof Rack", "slug": "subaru-outback-roof-rack-1", "description": "Used roof rack for a Subaru Outback.", "price": "400000.00", "stock": 4, "is_available": true, "category": 27, "seller": 5, "created_at": "2025-02-21T17:17:43.881Z", "updated_at": "2025-02-21T17:17:43.881Z", "condition": "Used"}}, {"model": "marketplace.product", "pk": 163, "fields": {"name": "Car Stereo Head Unit", "slug": "car-stereo-head-unit-1", "description": "Used aftermarket head unit with Bluetooth.", "price": "80.00", "stock": 1, "is_available": true, "category": 26, "seller": 4, "created_at": "2025-02-21T17:17:44.016Z", "updated_at": "2025-02-21T17:17:44.016Z", "condition": "Used"}}, {"model": "marketplace.product", "pk": 164, "fields": {"name": "Set of Seat Covers", "slug": "set-of-seat-covers-1", "description": "Used Universal seat cover sets", "price": "25000.00", "stock": 4, "is_available": true, "category": 27, "seller": 5, "created_at": "2025-02-21T17:17:44.157Z", "updated_at": "2025-02-21T17:17:44.157Z", "condition": "Used"}}, {"model": "marketplace.product", "pk": 165, "fields": {"name": "2016 BMW 328i", "slug": "2016-bmw-328i-1", "description": "Used luxury sedan, good condition, leather seats.", "price": "18000.00", "stock": 1, "is_available": true, "category": 18, "seller": 4, "created_at": "2025-02-21T17:17:44.287Z", "updated_at": "2025-02-21T17:17:44.287Z", "condition": "Used"}}, {"model": "marketplace.product", "pk": 166, "fields": {"name": "2024 Tesla Model 3", "slug": "2024-tesla-model-3-1", "description": "New electric car, long range.", "price": "42000.00", "stock": 2, "is_available": true, "category": 18, "seller": 5, "created_at": "2025-02-21T17:17:44.419Z", "updated_at": "2025-02-21T17:17:44.419Z", "condition": "New"}}, {"model": "marketplace.product", "pk": 167, "fields": {"name": "2014 Jeep Wrangler", "slug": "2014-jeep-wrangler-1", "description": "Used off-road vehicle, lifted, custom wheels.", "price": "22000.00", "stock": 1, "is_available": true, "category": 21, "seller": 4, "created_at": "2025-02-21T17:17:44.539Z", "updated_at": "2025-02-21T17:17:44.539Z", "condition": "Used"}}, {"model": "marketplace.product", "pk": 168, "fields": {"name": "2023 Yamaha YZF-R6", "slug": "2023-yamaha-yzf-r6-1", "description": "New sportbike, powerful engine.", "price": "12000.00", "stock": 1, "is_available": true, "category": 20, "seller": 5, "created_at": "2025-02-21T17:17:44.683Z", "updated_at": "2025-02-28T08:54:59.212Z", "condition": "New"}}, {"model": "marketplace.product", "pk": 169, "fields": {"name": "BMW X5 Fuel Pump", "slug": "bmw-x5-fuel-pump-1", "description": "Replacement fuel pump for 2018-2022 BMW X5 models.", "price": "450.00", "stock": 4, "is_available": true, "category": 23, "seller": 5, "created_at": "2025-02-21T17:17:44.815Z", "updated_at": "2025-02-21T17:17:44.815Z", "condition": "New"}}, {"model": "marketplace.product", "pk": 170, "fields": {"name": "Injector pump", "slug": "injector-pump", "description": "New injector pumps for the new ford mustang", "price": "78000.00", "stock": 0, "is_available": true, "category": 18, "seller": 1, "created_at": "2025-02-21T18:58:00.097Z", "updated_at": "2025-02-24T06:31:30.322Z", "condition": "New"}}, {"model": "marketplace.product", "pk": 171, "fields": {"name": "Tires", "slug": "tires", "description": "Tires 39cm thick and 23m d", "price": "550000.00", "stock": 30, "is_available": true, "category": 19, "seller": 1, "created_at": "2025-02-21T19:04:23.888Z", "updated_at": "2025-02-24T06:31:30.323Z", "condition": "New"}}, {"model": "marketplace.product", "pk": 172, "fields": {"name": "Headlights", "slug": "headlights", "description": "Headlights for all the cars", "price": "210000.00", "stock": 1, "is_available": true, "category": 24, "seller": 3, "created_at": "2025-02-24T07:12:42.873Z", "updated_at": "2025-02-24T07:14:48.888Z", "condition": "New"}}, {"model": "marketplace.product", "pk": 173, "fields": {"name": "GearBox", "slug": "gearbox", "description": "the gera box for toyota Rminion, \r\n✅New\r\n✅Made by Toyota\r\n✅!@ weeks warranty", "price": "980000.00", "stock": 4, "is_available": true, "category": 23, "seller": 2, "created_at": "2025-03-01T08:47:12.613Z", "updated_at": "2025-03-01T08:47:12.613Z", "condition": "New"}}, {"model": "marketplace.product", "pk": 174, "fields": {"name": "Hydraulic valves", "slug": "hydraulic-valves", "description": "Getting the hyudraulic valves, Buy three get one free", "price": "154000.00", "stock": 7, "is_available": true, "category": 27, "seller": 3, "created_at": "2025-03-05T20:07:23.362Z", "updated_at": "2025-03-05T20:07:23.362Z", "condition": "New"}}, {"model": "marketplace.product", "pk": 175, "fields": {"name": "Fuel sensor", "slug": "fuel-sensor", "description": "This is a fuel sensor", "price": "35000.00", "stock": 3, "is_available": false, "category": 26, "seller": 1, "created_at": "2026-04-24T17:37:25.395Z", "updated_at": "2026-04-24T17:37:25.395Z", "condition": "New"}}, {"model": "marketplace.product", "pk": 176, "fields": {"name": "Exhaust pipe", "slug": "exhaust-pipe", "description": "exhaust pipe sample", "price": "10000.00", "stock": 10, "is_available": false, "category": 22, "seller": 4, "created_at": "2026-04-27T17:55:58.900Z", "updated_at": "2026-04-27T17:55:58.900Z", "condition": "New"}}, {"model": "marketplace.product", "pk": 177, "fields": {"name": "Loo", "slug": "loo", "description": "loo", "price": "1000.00", "stock": 4, "is_available": false, "category": 22, "seller": 2, "created_at": "2026-04-28T07:30:05.762Z", "updated_at": "2026-04-28T07:30:05.762Z", "condition": "New"}}, {"model": "marketplace.product", "pk": 178, "fields": {"name": "react nat", "slug": "react", "description": "react", "price": "2000.00", "stock": 6, "is_available": true, "category": 22, "seller": 2, "created_at": "2026-04-28T07:43:41.946Z", "updated_at": "2026-04-28T07:44:34.344Z", "condition": "New"}}, {"model": "marketplace.productimage", "pk": 8, "fields": {"product": 170, "image": "product_images/_MG_8907.JPG"}}, {"model": "marketplace.productimage", "pk": 9, "fields": {"product": 171, "image": "product_images/_MG_9038.JPG"}}, {"model": "marketplace.productimage", "pk": 10, "fields": {"product": 172, "image": "product_images/Gh8iE04bYAAjIgR.jfif"}}, {"model": "marketplace.productimage", "pk": 11, "fields": {"product": 172, "image": "product_images/GiG7vwjXQAAAiHI.jfif"}}, {"model": "marketplace.productimage", "pk": 12, "fields": {"product": 173, "image": "product_images/032b10dd2e59154e51fc2dcd112ddb64.jpeg"}}, {"model": "marketplace.productimage", "pk": 13, "fields": {"product": 173, "image": "product_images/6207efeaab7b9ecb7a4aba576da714cf.jpeg"}}, {"model": "marketplace.productimage", "pk": 14, "fields": {"product": 173, "image": "product_images/GAg_ZLnWgAAWfdk.jfif"}}, {"model": "marketplace.productimage", "pk": 15, "fields": {"product": 174, "image": "product_images/ca46ed145017715.6296c6db4d495_auto_x2_colored_toned_light_ai.jpg"}}, {"model": "marketplace.productimage", "pk": 16, "fields": {"product": 174, "image": "product_images/ca46ed145017715.6296c6db4d495.jpg"}}, {"model": "marketplace.productimage", "pk": 17, "fields": {"product": 178, "image": "product_images/Screenshot_2026-04-14_110549.png"}}, {"model": "marketplace.review", "pk": 3, "fields": {"product": 164, "user": 4, "order": null, "rating": 3, "comment": "This kinda sucks", "created_at": "2025-02-21T17:55:16.136Z", "approved": false}}, {"model": "marketplace.review", "pk": 4, "fields": {"product": 170, "user": 1, "order": null, "rating": 4, "comment": "Dope product", "created_at": "2025-02-24T06:41:37.176Z", "approved": false}}, {"model": "marketplace.review", "pk": 6, "fields": {"product": 172, "user": 3, "order": null, "rating": 5, "comment": "i promise you this works 100%", "created_at": "2025-02-24T07:13:30.488Z", "approved": false}}, {"model": "marketplace.review", "pk": 7, "fields": {"product": 171, "user": 3, "order": null, "rating": 2, "comment": "cattttttt is awesome", "created_at": "2025-02-28T14:08:56.938Z", "approved": false}}, {"model": "marketplace.review", "pk": 8, "fields": {"product": 172, "user": 6, "order": null, "rating": 5, "comment": "Heil hitler my nigga", "created_at": "2025-03-01T15:23:06.669Z", "approved": false}}, {"model": "marketplace.review", "pk": 9, "fields": {"product": 173, "user": 3, "order": null, "rating": 3, "comment": "This kunda rocks", "created_at": "2025-03-03T18:14:46.991Z", "approved": false}}, {"model": "marketplace.review", "pk": 10, "fields": {"product": 174, "user": 2, "order": null, "rating": 5, "comment": "Suckks", "created_at": "2025-03-27T10:29:38.495Z", "approved": false}}, {"model": "marketplace.review", "pk": 11, "fields": {"product": 172, "user": 1, "order": null, "rating": 3, "comment": "Mediocre", "created_at": "2026-01-31T11:16:09.622Z", "approved": false}}, {"model": "marketplace.productcomment", "pk": 1, "fields": {"product": 170, "user": 1, "body": "trial", "parent": null, "created_at": "2026-04-24T19:09:06.665Z", "likes_count": 0}}, {"model": "marketplace.productcomment", "pk": 2, "fields": {"product": 164, "user": 2, "body": "Ayeee", "parent": null, "created_at": "2026-04-26T18:43:47.941Z", "likes_count": 0}}, {"model": "marketplace.order", "pk": 1, "fields": {"user": 1, "order_date": "2025-02-21T13:06:03.795Z", "total_amount": "35000.00", "is_completed": false, "status": "Pending", "shipping_method": "DELIVERY", "shipping_fee": "0.00", "delivery_info": {}}}, {"model": "marketplace.order", "pk": 2, "fields": {"user": 3, "order_date": "2025-02-21T13:26:41.251Z", "total_amount": "140000.00", "is_completed": false, "status": "Pending", "shipping_method": "DELIVERY", "shipping_fee": "0.00", "delivery_info": {}}}, {"model": "marketplace.order", "pk": 3, "fields": {"user": 2, "order_date": "2025-02-24T06:31:30.319Z", "total_amount": "5812000.00", "is_completed": false, "status": "Pending", "shipping_method": "DELIVERY", "shipping_fee": "0.00", "delivery_info": {}}}, {"model": "marketplace.order", "pk": 4, "fields": {"user": 2, "order_date": "2025-02-24T07:14:48.885Z", "total_amount": "6090000.00", "is_completed": false, "status": "Pending", "shipping_method": "DELIVERY", "shipping_fee": "0.00", "delivery_info": {}}}, {"model": "marketplace.order", "pk": 5, "fields": {"user": 3, "order_date": "2025-02-28T08:29:41.788Z", "total_amount": "100.00", "is_completed": false, "status": "Pending", "shipping_method": "DELIVERY", "shipping_fee": "0.00", "delivery_info": {}}}, {"model": "marketplace.order", "pk": 6, "fields": {"user": 3, "order_date": "2025-02-28T08:54:59.207Z", "total_amount": "36045.00", "is_completed": false, "status": "Pending", "shipping_method": "DELIVERY", "shipping_fee": "0.00", "delivery_info": {}}}, {"model": "marketplace.order", "pk": 7, "fields": {"user": 1, "order_date": "2026-04-24T19:11:42.056Z", "total_amount": "0.00", "is_completed": false, "status": "CART", "shipping_method": "DELIVERY", "shipping_fee": "0.00", "delivery_info": {}}}, {"model": "marketplace.order", "pk": 8, "fields": {"user": 1, "order_date": "2026-04-24T19:12:53.400Z", "total_amount": "0.00", "is_completed": false, "status": "CART", "shipping_method": "DELIVERY", "shipping_fee": "0.00", "delivery_info": {}}}, {"model": "marketplace.order", "pk": 9, "fields": {"user": 7, "order_date": "2026-04-25T08:10:51.530Z", "total_amount": "0.00", "is_completed": false, "status": "CART", "shipping_method": "DELIVERY", "shipping_fee": "0.00", "delivery_info": {}}}, {"model": "marketplace.order", "pk": 10, "fields": {"user": 4, "order_date": "2026-04-25T08:41:13.468Z", "total_amount": "0.00", "is_completed": false, "status": "CART", "shipping_method": "DELIVERY", "shipping_fee": "0.00", "delivery_info": {}}}, {"model": "marketplace.order", "pk": 11, "fields": {"user": 1, "order_date": "2026-04-27T13:33:02.150Z", "total_amount": "0.00", "is_completed": false, "status": "CART", "shipping_method": "DELIVERY", "shipping_fee": "0.00", "delivery_info": {}}}, {"model": "marketplace.order", "pk": 12, "fields": {"user": 4, "order_date": "2026-04-27T19:26:18.008Z", "total_amount": "0.00", "is_completed": false, "status": "CART", "shipping_method": "DELIVERY", "shipping_fee": "0.00", "delivery_info": {}}}, {"model": "marketplace.order", "pk": 13, "fields": {"user": 4, "order_date": "2026-04-27T21:03:30.432Z", "total_amount": "0.00", "is_completed": false, "status": "CART", "shipping_method": "DELIVERY", "shipping_fee": "0.00", "delivery_info": {}}}, {"model": "marketplace.order", "pk": 14, "fields": {"user": 4, "order_date": "2026-04-27T21:28:43.053Z", "total_amount": "0.00", "is_completed": false, "status": "PENDING_VERIFICATION", "shipping_method": "DELIVERY", "shipping_fee": "0.00", "delivery_info": {}}}, {"model": "marketplace.order", "pk": 15, "fields": {"user": 2, "order_date": "2026-04-27T21:33:12.355Z", "total_amount": "650.00", "is_completed": false, "status": "EXPIRED", "shipping_method": "DELIVERY", "shipping_fee": "0.00", "delivery_info": {}}}, {"model": "marketplace.order", "pk": 16, "fields": {"user": 2, "order_date": "2026-04-28T07:48:31.335Z", "total_amount": "313000.00", "is_completed": false, "status": "CART", "shipping_method": "DELIVERY", "shipping_fee": "5000.00", "delivery_info": {"full_name": "Beatus Simon", "phone": "+255754342300", "address": "DSM", "notes": ""}}}, {"model": "marketplace.order", "pk": 17, "fields": {"user": 21, "order_date": "2026-04-29T00:20:13.581Z", "total_amount": "154000.00", "is_completed": false, "status": "AWAITING_PAYMENT", "shipping_method": "PICKUP", "shipping_fee": "0.00", "delivery_info": {"full_name": "", "phone": "", "address": "", "notes": ""}}}, {"model": "marketplace.orderitem", "pk": 3, "fields": {"order": 3, "product": 170, "variant": null, "quantity": 4, "price": "78000.00"}}, {"model": "marketplace.orderitem", "pk": 4, "fields": {"order": 3, "product": 171, "variant": null, "quantity": 10, "price": "550000.00"}}, {"model": "marketplace.orderitem", "pk": 5, "fields": {"order": 4, "product": 172, "variant": null, "quantity": 29, "price": "210000.00"}}, {"model": "marketplace.orderitem", "pk": 6, "fields": {"order": 5, "product": 159, "variant": null, "quantity": 2, "price": "50.00"}}, {"model": "marketplace.orderitem", "pk": 7, "fields": {"order": 6, "product": 158, "variant": null, "quantity": 1, "price": "45.00"}}, {"model": "marketplace.orderitem", "pk": 8, "fields": {"order": 6, "product": 168, "variant": null, "quantity": 3, "price": "12000.00"}}, {"model": "marketplace.orderitem", "pk": 9, "fields": {"order": 15, "product": 161, "variant": null, "quantity": 1, "price": "650.00"}}, {"model": "marketplace.orderitem", "pk": 10, "fields": {"order": 16, "product": 174, "variant": null, "quantity": 2, "price": "154000.00"}}, {"model": "marketplace.orderitem", "pk": 11, "fields": {"order": 17, "product": 174, "variant": null, "quantity": 1, "price": "154000.00"}}, {"model": "marketplace.trackingevent", "pk": 1, "fields": {"order": 14, "status": "AWAITING_PAYMENT", "visible_to_customer": true, "notes": "Order placed by customer.", "created_at": "2026-04-27T21:28:43.098Z"}}, {"model": "marketplace.trackingevent", "pk": 2, "fields": {"order": 14, "status": "PENDING_VERIFICATION", "visible_to_customer": true, "notes": "Payment proof submitted: trser", "created_at": "2026-04-27T21:29:29.560Z"}}, {"model": "marketplace.trackingevent", "pk": 3, "fields": {"order": 15, "status": "AWAITING_PAYMENT", "visible_to_customer": true, "notes": "Order placed by customer.", "created_at": "2026-04-27T21:33:12.425Z"}}, {"model": "marketplace.trackingevent", "pk": 4, "fields": {"order": 15, "status": "AWAITING_PAYMENT", "visible_to_customer": true, "notes": "Order accepted by seller. Awaiting customer payment.", "created_at": "2026-04-27T21:34:25.656Z"}}, {"model": "marketplace.trackingevent", "pk": 5, "fields": {"order": 15, "status": "EXPIRED", "visible_to_customer": true, "notes": "Auto-expired by system due to timeout.", "created_at": "2026-04-28T10:13:44.385Z"}}, {"model": "marketplace.trackingevent", "pk": 6, "fields": {"order": 17, "status": "AWAITING_PAYMENT", "visible_to_customer": true, "notes": "Checkout completed.", "created_at": "2026-04-29T00:20:13.700Z"}}, {"model": "marketplace.payment", "pk": 1, "fields": {"order": 14, "verification_authority": "STORE", "payment_method": "OFFLINE", "proof_image": "payment_proofs/Screenshot_2026-04-14_110549.png", "transaction_id": "trser", "status": "PENDING_VERIFICATION", "amount": "0.00", "created_at": "2026-04-27T21:29:29.530Z"}}, {"model": "marketplace.userprofile", "pk": 1, "fields": {"user": 1, "is_verified": true, "phone_number": "0620781737", "instagram_username": "sansmagari", "website": "https://www.sansmagari.com", "bio": "I love cars, i fix cars and i sell cars and their spare parts", "tier": "premium", "location": "Dar Es salaam", "profile_picture": "profile_pictures/ca46ed145017715.6296c6db4d495_auto_x2_colored_toned_light_ai.jpg", "banner_image": "", "date_of_birth": null, "preferred_currency": "TZS"}}, {"model": "marketplace.userprofile", "pk": 2, "fields": {"user": 2, "is_verified": true, "phone_number": "0764442025", "instagram_username": "", "website": "", "bio": "I jsut sell computers", "tier": "standard", "location": "Dodoma", "profile_picture": "profile_pictures/360_F_207370675_6l9XaB17Ob3iubFw8btzhXCz4w2fSjjO.jpg", "banner_image": "profile_banners/Screenshot_2026-04-14_110549.png", "date_of_birth": null, "preferred_currency": "TZS"}}, {"model": "marketplace.userprofile", "pk": 3, "fields": {"user": 3, "is_verified": true, "phone_number": "0764441938", "instagram_username": "@someboy_steinberg", "website": "", "bio": "Sansmagari - Toyota Spare Parts Specialist 🚗🔧", "tier": "premium", "location": "Dar Es salaam", "profile_picture": "profile_pictures/unnamed_1.png", "banner_image": "", "date_of_birth": null, "preferred_currency": "TZS"}}, {"model": "marketplace.userprofile", "pk": 4, "fields": {"user": 4, "is_verified": true, "phone_number": "0764441737", "instagram_username": "_bsans", "website": "http://www.bsans.com", "bio": "", "tier": "standard", "location": "", "profile_picture": "", "banner_image": "", "date_of_birth": null, "preferred_currency": "TZS"}}, {"model": "marketplace.userprofile", "pk": 5, "fields": {"user": 5, "is_verified": false, "phone_number": "", "instagram_username": "", "website": "", "bio": "", "tier": "standard", "location": "", "profile_picture": "", "banner_image": "", "date_of_birth": null, "preferred_currency": "TZS"}}, {"model": "marketplace.userprofile", "pk": 6, "fields": {"user": 6, "is_verified": false, "phone_number": "0764441938", "instagram_username": "ratsteinberg", "website": "", "bio": "", "tier": "standard", "location": "", "profile_picture": "", "banner_image": "", "date_of_birth": null, "preferred_currency": "TZS"}}, {"model": "marketplace.userprofile", "pk": 7, "fields": {"user": 7, "is_verified": false, "phone_number": "", "instagram_username": "", "website": "", "bio": null, "tier": "standard", "location": "", "profile_picture": "", "banner_image": "", "date_of_birth": null, "preferred_currency": "TZS"}}, {"model": "marketplace.userprofile", "pk": 8, "fields": {"user": 8, "is_verified": false, "phone_number": "", "instagram_username": "", "website": "", "bio": null, "tier": "standard", "location": "", "profile_picture": "", "banner_image": "", "date_of_birth": null, "preferred_currency": "TZS"}}, {"model": "marketplace.userprofile", "pk": 9, "fields": {"user": 9, "is_verified": false, "phone_number": "", "instagram_username": "", "website": "", "bio": null, "tier": "standard", "location": "", "profile_picture": "", "banner_image": "", "date_of_birth": null, "preferred_currency": "TZS"}}, {"model": "marketplace.userprofile", "pk": 10, "fields": {"user": 10, "is_verified": false, "phone_number": "", "instagram_username": "", "website": "", "bio": null, "tier": "standard", "location": "", "profile_picture": "", "banner_image": "", "date_of_birth": null, "preferred_currency": "TZS"}}, {"model": "marketplace.userprofile", "pk": 11, "fields": {"user": 11, "is_verified": false, "phone_number": "", "instagram_username": "", "website": "", "bio": null, "tier": "standard", "location": "", "profile_picture": "", "banner_image": "", "date_of_birth": null, "preferred_currency": "TZS"}}, {"model": "marketplace.userprofile", "pk": 12, "fields": {"user": 12, "is_verified": false, "phone_number": "", "instagram_username": "", "website": "", "bio": null, "tier": "standard", "location": "", "profile_picture": "", "banner_image": "", "date_of_birth": null, "preferred_currency": "TZS"}}, {"model": "marketplace.userprofile", "pk": 13, "fields": {"user": 13, "is_verified": false, "phone_number": "", "instagram_username": "", "website": "", "bio": null, "tier": "standard", "location": "", "profile_picture": "", "banner_image": "", "date_of_birth": null, "preferred_currency": "TZS"}}, {"model": "marketplace.userprofile", "pk": 15, "fields": {"user": 15, "is_verified": false, "phone_number": "", "instagram_username": "", "website": "", "bio": null, "tier": "standard", "location": "", "profile_picture": "", "banner_image": "", "date_of_birth": "2005-06-29", "preferred_currency": "TZS"}}, {"model": "marketplace.userprofile", "pk": 16, "fields": {"user": 16, "is_verified": false, "phone_number": "", "instagram_username": "", "website": "", "bio": null, "tier": "standard", "location": "", "profile_picture": "", "banner_image": "", "date_of_birth": null, "preferred_currency": "TZS"}}, {"model": "marketplace.userprofile", "pk": 17, "fields": {"user": 20, "is_verified": false, "phone_number": "", "instagram_username": "", "website": "", "bio": null, "tier": "standard", "location": "", "profile_picture": "", "banner_image": "", "date_of_birth": null, "preferred_currency": "TZS"}}, {"model": "marketplace.userprofile", "pk": 18, "fields": {"user": 21, "is_verified": false, "phone_number": "", "instagram_username": "", "website": "", "bio": null, "tier": "standard", "location": "", "profile_picture": "", "banner_image": "", "date_of_birth": "2005-10-30", "preferred_currency": "TZS"}}, {"model": "marketplace.sidebaroffer", "pk": 2, "fields": {"title": "GAri MPYA KUTOKA DUBAI", "description": "Pata gari kwa zaidi ya 5)% OFF leo, Nunua Gari mpya kutoka Dubai leo", "image": "", "link": "http://127.0.0.1:8000/product/used-vw-jetta-engine-1/", "active": false, "button_text": "Learn More", "visibility": "public"}}, {"model": "marketplace.sidebaroffer", "pk": 3, "fields": {"title": "Kuwa verified ✅", "description": "verify your account today!", "image": "", "link": "http://127.0.0.1:8000/product/used-vw-jetta-engine-1/", "active": true, "button_text": "Verify Sasa", "visibility": "public"}}, {"model": "marketplace.sidebaroffer", "pk": 4, "fields": {"title": "Sample for testing", "description": "Test everythind", "image": "", "link": "", "active": true, "button_text": "test now", "visibility": "public"}}, {"model": "marketplace.sidebarnewsitem", "pk": 1, "fields": {"title": "50% off Today", "content": "🔥 Flash Sale! Get 50% OFF on all sales TODAY ONLY!", "pub_date": "2025-02-21T19:06:57.828Z", "link": "http://www.facebook.com", "active": false, "image": ""}}, {"model": "marketplace.sidebarnewsitem", "pk": 2, "fields": {"title": "Happy New Year🎉", "content": "Get TODAY'S OFFERS", "pub_date": "2025-02-24T06:33:13.378Z", "link": "http://127.0.0.1:8000/product/used-vw-jetta-engine-1/", "active": true, "image": ""}}, {"model": "marketplace.follow", "pk": 3, "fields": {"follower": 1, "following": 2, "created_at": "2025-03-01T11:47:19.183Z"}}, {"model": "marketplace.follow", "pk": 10, "fields": {"follower": 3, "following": 5, "created_at": "2026-01-31T07:33:48.998Z"}}, {"model": "marketplace.like", "pk": 2, "fields": {"user": 1, "product": 170, "created_at": "2026-04-24T17:35:02.117Z"}}, {"model": "marketplace.like", "pk": 3, "fields": {"user": 1, "product": 158, "created_at": "2026-04-24T19:10:20.087Z"}}, {"model": "marketplace.like", "pk": 4, "fields": {"user": 7, "product": 172, "created_at": "2026-04-25T09:03:54.913Z"}}, {"model": "marketplace.like", "pk": 5, "fields": {"user": 8, "product": 169, "created_at": "2026-04-26T16:09:22.512Z"}}, {"model": "marketplace.like", "pk": 7, "fields": {"user": 2, "product": 174, "created_at": "2026-04-27T21:54:11.753Z"}}, {"model": "marketplace.sponsoredlisting", "pk": 1, "fields": {"user": 4, "product": 167, "title": "Limited edition", "description": "Useful", "status": "approved", "admin_notes": "Approved by staff", "duration_days": 7, "amount": "0.00", "created_at": "2026-04-24T17:41:02.754Z", "approved_at": "2026-04-24T19:21:57.780Z", "expires_at": null}}, {"model": "marketplace.sponsoredlisting", "pk": 2, "fields": {"user": 1, "product": 169, "title": "BM BM", "description": "Amazing", "status": "rejected", "admin_notes": "No explanation for the item", "duration_days": 7, "amount": "0.00", "created_at": "2026-04-24T17:59:27.275Z", "approved_at": null, "expires_at": null}}, {"model": "marketplace.sponsoredlisting", "pk": 3, "fields": {"user": 2, "product": 173, "title": "BUT 1 GET 1 FREE", "description": "This is a model gearbox", "status": "pending", "admin_notes": null, "duration_days": 7, "amount": "0.00", "created_at": "2026-04-26T18:42:51.981Z", "approved_at": null, "expires_at": null}}, {"model": "marketplace.sitesettings", "pk": 1, "fields": {"company_name": "UZASPEA", "tagline": "", "support_email": "", "support_phone": "", "whatsapp_number": "", "address": "", "facebook_url": "", "instagram_url": "", "twitter_url": "", "working_hours": "Mon–Fri 8am–6pm EAT"}}, {"model": "staff.department", "pk": 1, "fields": {"name": "General", "description": "Auto-created placeholder", "created_at": "2026-04-26T18:13:06.699Z"}}, {"model": "staff.staffprofile", "pk": 1, "fields": {"user": 4, "is_active": true, "department": 1, "phone_number": "", "notes": "", "created_at": "2026-01-31T16:01:45.636Z", "updated_at": "2026-01-31T16:01:45.652Z"}}, {"model": "staff.staffprofile", "pk": 2, "fields": {"user": 3, "is_active": true, "department": 1, "phone_number": "0763331516", "notes": "", "created_at": "2026-04-25T08:08:35.949Z", "updated_at": "2026-04-25T08:08:35.949Z"}}, {"model": "staff.taskcategory", "pk": 1, "fields": {"name": "Basic stuff", "description": "All the basic stuff", "requires_approval": true, "department": null, "created_at": "2026-01-31T16:06:16.117Z"}}, {"model": "staff.task", "pk": 1, "fields": {"title": "Nenda field", "description": "Nenda field katafute freelancers", "category": 1, "assigned_to": 4, "created_by": 1, "status": "completed", "priority": "high", "due_date": "2026-02-01T07:00:00Z", "created_at": "2026-01-31T16:07:05.564Z", "updated_at": "2026-04-27T11:47:14.658Z", "completed_at": "2026-04-27T11:47:14.658Z", "completion_notes": "", "cancellation_reason": ""}}, {"model": "staff.task", "pk": 2, "fields": {"title": "test task", "description": "this is a test task", "category": 1, "assigned_to": 3, "created_by": 7, "status": "pending", "priority": "high", "due_date": null, "created_at": "2026-04-24T21:23:58.208Z", "updated_at": "2026-04-27T09:40:18.873Z", "completed_at": null, "completion_notes": "", "cancellation_reason": ""}}, {"model": "staff.taskaction", "pk": 1, "fields": {"task": 1, "performed_by": 4, "action_type": "verification", "description": "Here is the action taken", "previous_value": "none", "new_value": "verified", "status": "approved", "notes": "", "performed_at": "2026-01-31T16:32:02.351Z", "reviewed_by": 1, "reviewed_at": "2026-01-31T16:33:32.519Z"}}, {"model": "staff.approval", "pk": 1, "fields": {"action": 1, "task": null, "approval_type": "action_execution", "title": "Action: Verification", "description": "Here is the action taken", "submitted_by": 4, "status": "approved", "reviewer": null, "comments": "", "submitted_at": "2026-01-31T16:32:02.370Z", "reviewed_at": null}}, {"model": "staff.auditlog", "pk": 1, "fields": {"user": 1, "action": "staff_promoted", "description": "Promoted seller1 to staff", "target_user": 4, "task": null, "ip_address": null, "user_agent": "", "extra_data": {}, "timestamp": "2026-01-31T16:01:45.720Z"}}, {"model": "staff.auditlog", "pk": 2, "fields": {"user": 1, "action": "task_created", "description": "Created task: Nenda field", "target_user": null, "task": 1, "ip_address": null, "user_agent": "", "extra_data": {}, "timestamp": "2026-01-31T16:07:05.576Z"}}, {"model": "staff.auditlog", "pk": 3, "fields": {"user": 4, "action": "action_performed", "description": "Performed verification on task: Nenda field", "target_user": null, "task": 1, "ip_address": null, "user_agent": "", "extra_data": {}, "timestamp": "2026-01-31T16:32:02.387Z"}}, {"model": "staff.auditlog", "pk": 4, "fields": {"user": 1, "action": "action_approved", "description": "Approved action: verification on Nenda field", "target_user": null, "task": 1, "ip_address": null, "user_agent": "", "extra_data": {}, "timestamp": "2026-01-31T16:33:32.521Z"}}, {"model": "staff.auditlog", "pk": 5, "fields": {"user": 1, "action": "action_rejected", "description": "Rejected promotion: BM BM", "target_user": null, "task": null, "ip_address": "127.0.0.1", "user_agent": "Mozilla/5.0 (Windows NT 10.0; Win64; x64) AppleWebKit/537.36 (KHTML, like Gecko) Chrome/147.0.0.0 Safari/537.36", "extra_data": {}, "timestamp": "2026-04-24T19:21:56.141Z"}}, {"model": "staff.auditlog", "pk": 6, "fields": {"user": 1, "action": "action_approved", "description": "Approved promotion: Limited edition", "target_user": null, "task": null, "ip_address": "127.0.0.1", "user_agent": "Mozilla/5.0 (Windows NT 10.0; Win64; x64) AppleWebKit/537.36 (KHTML, like Gecko) Chrome/147.0.0.0 Safari/537.36", "extra_data": {}, "timestamp": "2026-04-24T19:21:57.800Z"}}, {"model": "staff.auditlog", "pk": 7, "fields": {"user": 7, "action": "task_created", "description": "Created task: test task", "target_user": null, "task": 2, "ip_address": "127.0.0.1", "user_agent": "Mozilla/5.0 (Windows NT 10.0; Win64; x64) AppleWebKit/537.36 (KHTML, like Gecko) Chrome/147.0.0.0 Safari/537.36", "extra_data": {}, "timestamp": "2026-04-24T21:23:58.229Z"}}, {"model": "staff.auditlog", "pk": 8, "fields": {"user": 7, "action": "permission_changed", "description": "Granted can_manage_tasks to somebody", "target_user": 3, "task": null, "ip_address": "127.0.0.1", "user_agent": "Mozilla/5.0 (Windows NT 10.0; Win64; x64) AppleWebKit/537.36 (KHTML, like Gecko) Chrome/147.0.0.0 Safari/537.36", "extra_data": {}, "timestamp": "2026-04-25T08:25:26.607Z"}}, {"model": "staff.auditlog", "pk": 9, "fields": {"user": 4, "action": "task_started", "description": "Started task: Nenda field", "target_user": null, "task": 1, "ip_address": "127.0.0.1", "user_agent": "Mozilla/5.0 (Windows NT 10.0; Win64; x64) AppleWebKit/537.36 (KHTML, like Gecko) Chrome/147.0.0.0 Safari/537.36", "extra_data": {}, "timestamp": "2026-04-27T11:47:05.347Z"}}, {"model": "staff.auditlog", "pk": 10, "fields": {"user": 4, "action": "task_completed", "description": "Completed task: Nenda field", "target_user": null, "task": 1, "ip_address": "127.0.0.1", "user_agent": "Mozilla/5.0 (Windows NT 10.0; Win64; x64) AppleWebKit/537.36 (KHTML, like Gecko) Chrome/147.0.0.0 Safari/537.36", "extra_data": {}, "timestamp": "2026-04-27T11:47:14.678Z"}}, {"model": "staff.auditlog", "pk": 11, "fields": {"user": 1, "action": "permission_changed", "description": "Granted can_manage_tasks to seller1", "target_user": 4, "task": null, "ip_address": "127.0.0.1", "user_agent": "Mozilla/5.0 (Windows NT 10.0; Win64; x64) AppleWebKit/537.36 (KHTML, like Gecko) Chrome/147.0.0.0 Safari/537.36", "extra_data": {}, "timestamp": "2026-04-27T13:29:11.865Z"}}, {"model": "staff.auditlog", "pk": 12, "fields": {"user": 1, "action": "permission_changed", "description": "Granted can_review_promotions to seller1", "target_user": 4, "task": null, "ip_address": "127.0.0.1", "user_agent": "Mozilla/5.0 (Windows NT 10.0; Win64; x64) AppleWebKit/537.36 (KHTML, like Gecko) Chrome/147.0.0.0 Safari/537.36", "extra_data": {}, "timestamp": "2026-04-28T23:48:07.945Z"}}, {"model": "staff.staffpermission", "pk": 1, "fields": {"user": 4, "permission": "can_moderate", "granted_by": 1, "granted_at": "2026-01-31T16:01:45.703Z", "expires_at": null, "is_active": true}}, {"model": "staff.staffpermission", "pk": 2, "fields": {"user": 3, "permission": "can_manage_tasks", "granted_by": 7, "granted_at": "2026-04-25T08:25:26.576Z", "expires_at": null, "is_active": true}}, {"model": "staff.staffpermission", "pk": 4, "fields": {"user": 4, "permission": "can_review_promotions", "granted_by": 1, "granted_at": "2026-04-28T23:48:07.927Z", "expires_at": null, "is_active": true}}, {"model": "staff.staffpermission", "pk": 5, "fields": {"user": 4, "permission": "can_approve_content", "granted_by": 1, "granted_at": "2026-04-29T00:18:16.038Z", "expires_at": null, "is_active": true}}, {"model": "inspections.inspectioncategory", "pk": 1, "fields": {"name": "Vehicles", "slug": "vehicles", "level": "domain", "parent": null, "description": "", "base_price": "0.00", "required_inspector_level": "junior", "is_active": true, "marketplace_category": null, "product_origin": "any", "created_at": "2026-04-26T15:40:59.880Z"}}, {"model": "inspections.inspectioncategory", "pk": 2, "fields": {"name": "Electronics", "slug": "electronics", "level": "domain", "parent": null, "description": "", "base_price": "0.00", "required_inspector_level": "junior", "is_active": true, "marketplace_category": null, "product_origin": "any", "created_at": "2026-04-26T15:40:59.908Z"}}, {"model": "inspections.inspectioncategory", "pk": 3, "fields": {"name": "Property", "slug": "property", "level": "domain", "parent": null, "description": "", "base_price": "0.00", "required_inspector_level": "junior", "is_active": true, "marketplace_category": null, "product_origin": "any", "created_at": "2026-04-26T15:40:59.934Z"}}, {"model": "inspections.inspectioncategory", "pk": 4, "fields": {"name": "Cars", "slug": "cars", "level": "category", "parent": 1, "description": "", "base_price": "50000.00", "required_inspector_level": "junior", "is_active": true, "marketplace_category": null, "product_origin": "any", "created_at": "2026-04-26T15:40:59.959Z"}}, {"model": "inspections.inspectioncategory", "pk": 5, "fields": {"name": "Phones", "slug": "phones", "level": "category", "parent": 2, "description": "", "base_price": "20000.00", "required_inspector_level": "junior", "is_active": true, "marketplace_category": null, "product_origin": "any", "created_at": "2026-04-26T15:40:59.984Z"}}, {"model": "inspections.inspectioncategory", "pk": 6, "fields": {"name": "Residential", "slug": "residential", "level": "category", "parent": 3, "description": "", "base_price": "100000.00", "required_inspector_level": "senior", "is_active": true, "marketplace_category": null, "product_origin": "any", "created_at": "2026-04-26T15:41:00.010Z"}}, {"model": "inspections.inspectioncategory", "pk": 7, "fields": {"name": "Sedans", "slug": "sedans", "level": "subcategory", "parent": 4, "description": "", "base_price": "50000.00", "required_inspector_level": "junior", "is_active": true, "marketplace_category": null, "product_origin": "any", "created_at": "2026-04-26T15:41:00.036Z"}}, {"model": "inspections.inspectioncategory", "pk": 8, "fields": {"name": "Marketplace", "slug": "marketplace", "level": "domain", "parent": null, "description": "Automatic category for marketplace items", "base_price": "0.00", "required_inspector_level": "junior", "is_active": true, "marketplace_category": null, "product_origin": "any", "created_at": "2026-04-28T11:07:01.916Z"}}, {"model": "inspections.inspectioncategory", "pk": 9, "fields": {"name": "Vehicle Spares", "slug": "vehicle-spares", "level": "category", "parent": 8, "description": "Auto-created from marketplace: Spare parts for vehicles", "base_price": "50000.00", "required_inspector_level": "junior", "is_active": true, "marketplace_category": null, "product_origin": "any", "created_at": "2026-04-28T11:07:01.937Z"}}, {"model": "inspections.inspectioncategory", "pk": 10, "fields": {"name": "Cars & SUVs", "slug": "cars-suvs", "level": "category", "parent": 1, "description": "", "base_price": "60000.00", "required_inspector_level": "senior", "is_active": true, "marketplace_category": null, "product_origin": "any", "created_at": "2026-04-29T01:02:53.646Z"}}, {"model": "inspections.inspectioncategory", "pk": 11, "fields": {"name": "Motorcycles & Boda Boda", "slug": "motorcycles-boda-boda", "level": "category", "parent": 1, "description": "", "base_price": "35000.00", "required_inspector_level": "junior", "is_active": true, "marketplace_category": null, "product_origin": "any", "created_at": "2026-04-29T01:02:53.675Z"}}, {"model": "inspections.inspectioncategory", "pk": 12, "fields": {"name": "Trucks & Commercial", "slug": "trucks-commercial", "level": "category", "parent": 1, "description": "", "base_price": "90000.00", "required_inspector_level": "specialist", "is_active": true, "marketplace_category": null, "product_origin": "any", "created_at": "2026-04-29T01:02:53.702Z"}}, {"model": "inspections.inspectioncategory", "pk": 13, "fields": {"name": "Smartphones & Tablets", "slug": "smartphones-tablets", "level": "category", "parent": 2, "description": "", "base_price": "25000.00", "required_inspector_level": "junior", "is_active": true, "marketplace_category": null, "product_origin": "any", "created_at": "2026-04-29T01:02:53.729Z"}}, {"model": "inspections.inspectioncategory", "pk": 14, "fields": {"name": "Laptops & Computers", "slug": "laptops-computers", "level": "category", "parent": 2, "description": "", "base_price": "35000.00", "required_inspector_level": "senior", "is_active": true, "marketplace_category": null, "product_origin": "any", "created_at": "2026-04-29T01:02:53.756Z"}}, {"model": "inspections.inspectioncategory", "pk": 15, "fields": {"name": "TVs & Audio Equipment", "slug": "tvs-audio-equipment", "level": "category", "parent": 2, "description": "", "base_price": "20000.00", "required_inspector_level": "junior", "is_active": true, "marketplace_category": null, "product_origin": "any", "created_at": "2026-04-29T01:02:53.780Z"}}, {"model": "inspections.inspectioncategory", "pk": 16, "fields": {"name": "Residential Property", "slug": "residential-property", "level": "category", "parent": 3, "description": "", "base_price": "150000.00", "required_inspector_level": "specialist", "is_active": true, "marketplace_category": null, "product_origin": "any", "created_at": "2026-04-29T01:02:53.808Z"}}, {"model": "inspections.inspectioncategory", "pk": 17, "fields": {"name": "Commercial Property", "slug": "commercial-property", "level": "category", "parent": 3, "description": "", "base_price": "200000.00", "required_inspector_level": "specialist", "is_active": true, "marketplace_category": null, "product_origin": "any", "created_at": "2026-04-29T01:02:53.836Z"}}, {"model": "inspections.inspectioncategory", "pk": 18, "fields": {"name": "Land & Plots", "slug": "land-plots", "level": "category", "parent": 3, "description": "", "base_price": "80000.00", "required_inspector_level": "senior", "is_active": true, "marketplace_category": null, "product_origin": "any", "created_at": "2026-04-29T01:02:53.860Z"}}, {"model": "inspections.inspectioncategory", "pk": 19, "fields": {"name": "Machinery & Equipment", "slug": "machinery-equipment", "level": "domain", "parent": null, "description": "", "base_price": "0.00", "required_inspector_level": "junior", "is_active": true, "marketplace_category": null, "product_origin": "any", "created_at": "2026-04-29T01:02:53.887Z"}}, {"model": "inspections.inspectioncategory", "pk": 20, "fields": {"name": "Generators & Power", "slug": "generators-power", "level": "category", "parent": 19, "description": "", "base_price": "50000.00", "required_inspector_level": "senior", "is_active": true, "marketplace_category": null, "product_origin": "any", "created_at": "2026-04-29T01:02:53.914Z"}}, {"model": "inspections.inspectioncategory", "pk": 21, "fields": {"name": "Agricultural Equipment", "slug": "agricultural-equipment", "level": "category", "parent": 19, "description": "", "base_price": "70000.00", "required_inspector_level": "specialist", "is_active": true, "marketplace_category": null, "product_origin": "any", "created_at": "2026-04-29T01:02:53.938Z"}}, {"model": "inspections.checklisttemplate", "pk": 1, "fields": {"category": 4, "version": 1, "is_active": true, "created_at": "2026-04-26T15:58:08.219Z", "created_by": null}}, {"model": "inspections.checklisttemplate", "pk": 2, "fields": {"category": 5, "version": 1, "is_active": true, "created_at": "2026-04-26T15:58:33.294Z", "created_by": null}}, {"model": "inspections.checklisttemplate", "pk": 3, "fields": {"category": 6, "version": 1, "is_active": true, "created_at": "2026-04-26T15:58:33.428Z", "created_by": null}}, {"model": "inspections.checklisttemplate", "pk": 4, "fields": {"category": 10, "version": 1, "is_active": true, "created_at": "2026-04-29T01:02:53.961Z", "created_by": null}}, {"model": "inspections.checklisttemplate", "pk": 5, "fields": {"category": 13, "version": 1, "is_active": true, "created_at": "2026-04-29T01:02:54.979Z", "created_by": null}}, {"model": "inspections.checklisttemplate", "pk": 6, "fields": {"category": 16, "version": 1, "is_active": true, "created_at": "2026-04-29T01:02:55.577Z", "created_by": null}}, {"model": "inspections.checklisttemplate", "pk": 7, "fields": {"category": 14, "version": 1, "is_active": true, "created_at": "2026-04-29T01:02:56.669Z", "created_by": null}}, {"model": "inspections.checklisttemplate", "pk": 8, "fields": {"category": 20, "version": 1, "is_active": true, "created_at": "2026-04-29T01:02:57.044Z", "created_by": null}}, {"model": "inspections.checklistitem", "pk": 1, "fields": {"template": 1, "label": "Engine Sound & Smoothness", "item_type": "pass_fail", "is_mandatory": true, "order": 0, "fail_triggers_flag": false, "unit": "", "help_text": ""}}, {"model": "inspections.checklistitem", "pk": 2, "fields": {"template": 1, "label": "Exterior Body & Paint Condition", "item_type": "scale", "is_mandatory": true, "order": 0, "fail_triggers_flag": false, "unit": "", "help_text": ""}}, {"model": "inspections.checklistitem", "pk": 3, "fields": {"template": 1, "label": "Tire Tread Depth & Wear", "item_type": "scale", "is_mandatory": true, "order": 0, "fail_triggers_flag": false, "unit": "", "help_text": ""}}, {"model": "inspections.checklistitem", "pk": 4, "fields": {"template": 1, "label": "Interior Electronics & AC", "item_type": "pass_fail", "is_mandatory": true, "order": 0, "fail_triggers_flag": false, "unit": "", "help_text": ""}}, {"model": "inspections.checklistitem", "pk": 5, "fields": {"template": 1, "label": "Chassis & Suspension Check", "item_type": "pass_fail", "is_mandatory": true, "order": 0, "fail_triggers_flag": false, "unit": "", "help_text": ""}}, {"model": "inspections.checklistitem", "pk": 6, "fields": {"template": 2, "label": "Screen & Touch Sensitivity", "item_type": "pass_fail", "is_mandatory": true, "order": 0, "fail_triggers_flag": false, "unit": "", "help_text": ""}}, {"model": "inspections.checklistitem", "pk": 7, "fields": {"template": 2, "label": "Battery Health (%)", "item_type": "text", "is_mandatory": true, "order": 0, "fail_triggers_flag": false, "unit": "", "help_text": ""}}, {"model": "inspections.checklistitem", "pk": 8, "fields": {"template": 2, "label": "Camera Quality (Front/Back)", "item_type": "scale", "is_mandatory": true, "order": 0, "fail_triggers_flag": false, "unit": "", "help_text": ""}}, {"model": "inspections.checklistitem", "pk": 9, "fields": {"template": 2, "label": "Network & Wi-Fi Connectivity", "item_type": "pass_fail", "is_mandatory": true, "order": 0, "fail_triggers_flag": false, "unit": "", "help_text": ""}}, {"model": "inspections.checklistitem", "pk": 10, "fields": {"template": 3, "label": "Structural Integrity Check", "item_type": "pass_fail", "is_mandatory": true, "order": 0, "fail_triggers_flag": false, "unit": "", "help_text": ""}}, {"model": "inspections.checklistitem", "pk": 11, "fields": {"template": 3, "label": "Electrical Point Testing", "item_type": "pass_fail", "is_mandatory": true, "order": 0, "fail_triggers_flag": false, "unit": "", "help_text": ""}}, {"model": "inspections.checklistitem", "pk": 12, "fields": {"template": 3, "label": "Plumbing & Water Leakage", "item_type": "pass_fail", "is_mandatory": true, "order": 0, "fail_triggers_flag": false, "unit": "", "help_text": ""}}, {"model": "inspections.checklistitem", "pk": 13, "fields": {"template": 3, "label": "Security & Locks", "item_type": "pass_fail", "is_mandatory": true, "order": 0, "fail_triggers_flag": false, "unit": "", "help_text": ""}}, {"model": "inspections.checklistitem", "pk": 14, "fields": {"template": 4, "label": "Engine Start & Idle Quality", "item_type": "pass_fail", "is_mandatory": true, "order": 0, "fail_triggers_flag": true, "unit": "", "help_text": "Cold start and warm idle — listen for knocking, misfires, rough idle"}}, {"model": "inspections.checklistitem", "pk": 15, "fields": {"template": 4, "label": "Engine Oil Level & Condition", "item_type": "pass_fail", "is_mandatory": true, "order": 1, "fail_triggers_flag": true, "unit": "", "help_text": "Check dipstick — color, level, milky appearance indicates water ingress"}}, {"model": "inspections.checklistitem", "pk": 16, "fields": {"template": 4, "label": "Coolant Level & Condition", "item_type": "pass_fail", "is_mandatory": true, "order": 2, "fail_triggers_flag": true, "unit": "", "help_text": "Check reservoir and radiator cap — rust or oil contamination"}}, {"model": "inspections.checklistitem", "pk": 17, "fields": {"template": 4, "label": "Transmission Shift Quality (All Gears)", "item_type": "scale", "is_mandatory": true, "order": 3, "fail_triggers_flag": true, "unit": "", "help_text": "Test all gears including reverse — slipping, grinding, delays"}}, {"model": "inspections.checklistitem", "pk": 18, "fields": {"template": 4, "label": "Clutch Engagement Point (Manual)", "item_type": "pass_fail", "is_mandatory": false, "order": 4, "fail_triggers_flag": false, "unit": "", "help_text": "Clutch biting point — high biting point indicates wear"}}, {"model": "inspections.checklistitem", "pk": 19, "fields": {"template": 4, "label": "Engine Oil Leaks (Visual)", "item_type": "pass_fail", "is_mandatory": true, "order": 5, "fail_triggers_flag": true, "unit": "", "help_text": "Check under hood and beneath car for oil drips or seeping gaskets"}}, {"model": "inspections.checklistitem", "pk": 20, "fields": {"template": 4, "label": "Timing Belt/Chain Condition", "item_type": "pass_fail", "is_mandatory": true, "order": 6, "fail_triggers_flag": true, "unit": "", "help_text": "Check service history — timing belt typically replaced at 80,000–100,000 km"}}, {"model": "inspections.checklistitem", "pk": 21, "fields": {"template": 4, "label": "Exhaust Smoke Color & Odor", "item_type": "pass_fail", "is_mandatory": true, "order": 7, "fail_triggers_flag": true, "unit": "", "help_text": "Blue=oil burn, White=coolant burn, Black=rich mixture — all fail triggers"}}, {"model": "inspections.checklistitem", "pk": 22, "fields": {"template": 4, "label": "Power Steering Fluid Level", "item_type": "pass_fail", "is_mandatory": true, "order": 8, "fail_triggers_flag": false, "unit": "", "help_text": "Check reservoir — low level may indicate leak"}}, {"model": "inspections.checklistitem", "pk": 23, "fields": {"template": 4, "label": "Drive Shaft & CV Joints", "item_type": "pass_fail", "is_mandatory": true, "order": 9, "fail_triggers_flag": true, "unit": "", "help_text": "Turn steering full lock and accelerate — clicking indicates CV joint failure"}}, {"model": "inspections.checklistitem", "pk": 24, "fields": {"template": 4, "label": "Fuel System (No Leaks, Correct Pressure)", "item_type": "pass_fail", "is_mandatory": true, "order": 10, "fail_triggers_flag": true, "unit": "", "help_text": "Check for fuel smell, leaks at injectors and fuel lines"}}, {"model": "inspections.checklistitem", "pk": 25, "fields": {"template": 4, "label": "Engine Compression Test", "item_type": "measurement", "is_mandatory": false, "order": 11, "fail_triggers_flag": true, "unit": "PSI", "help_text": "Cylinder compression — deviation >10% between cylinders is fail trigger"}}, {"model": "inspections.checklistitem", "pk": 26, "fields": {"template": 4, "label": "Paintwork Condition & Color Match", "item_type": "scale", "is_mandatory": true, "order": 12, "fail_triggers_flag": false, "unit": "", "help_text": "Use paint thickness gauge if available — respray indicates accident repair"}}, {"model": "inspections.checklistitem", "pk": 27, "fields": {"template": 4, "label": "Panel Gaps & Alignment", "item_type": "scale", "is_mandatory": true, "order": 13, "fail_triggers_flag": true, "unit": "", "help_text": "Uneven gaps indicate accident damage or poor repair"}}, {"model": "inspections.checklistitem", "pk": 28, "fields": {"template": 4, "label": "Rust & Corrosion Assessment", "item_type": "scale", "is_mandatory": true, "order": 14, "fail_triggers_flag": true, "unit": "", "help_text": "Check wheel arches, sills, floor, chassis — structural rust is fail"}}, {"model": "inspections.checklistitem", "pk": 29, "fields": {"template": 4, "label": "Glass & Windscreen (Chips/Cracks)", "item_type": "pass_fail", "is_mandatory": true, "order": 15, "fail_triggers_flag": false, "unit": "", "help_text": "Any crack in driver sight line is mandatory replacement"}}, {"model": "inspections.checklistitem", "pk": 30, "fields": {"template": 4, "label": "Doors, Boot & Bonnet Operation", "item_type": "pass_fail", "is_mandatory": true, "order": 16, "fail_triggers_flag": false, "unit": "", "help_text": "All should open, close and latch smoothly with proper alignment"}}, {"model": "inspections.checklistitem", "pk": 31, "fields": {"template": 4, "label": "VIN/Chassis Number Verification", "item_type": "pass_fail", "is_mandatory": true, "order": 17, "fail_triggers_flag": true, "unit": "", "help_text": "Match chassis plate, windscreen sticker and registration documents — mismatch is fraud flag"}}, {"model": "inspections.checklistitem", "pk": 32, "fields": {"template": 4, "label": "Undercarriage Rust & Damage", "item_type": "pass_fail", "is_mandatory": true, "order": 18, "fail_triggers_flag": true, "unit": "", "help_text": "Lift vehicle or use mirror — check chassis rails, floor pan, crossmembers"}}, {"model": "inspections.checklistitem", "pk": 33, "fields": {"template": 4, "label": "Airbag System (Warning Light)", "item_type": "pass_fail", "is_mandatory": true, "order": 19, "fail_triggers_flag": true, "unit": "", "help_text": "SRS warning light off after startup — if on, system is compromised"}}, {"model": "inspections.checklistitem", "pk": 34, "fields": {"template": 4, "label": "Headlights, Taillights & Indicators", "item_type": "pass_fail", "is_mandatory": true, "order": 20, "fail_triggers_flag": false, "unit": "", "help_text": "All lights operational including hazards, reversing lights, number plate light"}}, {"model": "inspections.checklistitem", "pk": 35, "fields": {"template": 4, "label": "Wiper Blades & Washer System", "item_type": "pass_fail", "is_mandatory": false, "order": 21, "fail_triggers_flag": false, "unit": "", "help_text": "Wiper sweep quality and washer jet aim"}}, {"model": "inspections.checklistitem", "pk": 36, "fields": {"template": 4, "label": "Front Shock Absorbers", "item_type": "scale", "is_mandatory": true, "order": 22, "fail_triggers_flag": true, "unit": "", "help_text": "Bounce test — should settle within 1–2 oscillations. Leaking = fail"}}, {"model": "inspections.checklistitem", "pk": 37, "fields": {"template": 4, "label": "Rear Shock Absorbers", "item_type": "scale", "is_mandatory": true, "order": 23, "fail_triggers_flag": true, "unit": "", "help_text": "Same bounce test — note any difference side-to-side"}}, {"model": "inspections.checklistitem", "pk": 38, "fields": {"template": 4, "label": "Brake Pad Thickness (Front)", "item_type": "measurement", "is_mandatory": true, "order": 24, "fail_triggers_flag": true, "unit": "mm", "help_text": "Minimum legal thickness 3mm — below 2mm immediate fail"}}, {"model": "inspections.checklistitem", "pk": 39, "fields": {"template": 4, "label": "Brake Pad Thickness (Rear)", "item_type": "measurement", "is_mandatory": true, "order": 25, "fail_triggers_flag": true, "unit": "mm", "help_text": "Check via caliper inspection or wheel removal if accessible"}}, {"model": "inspections.checklistitem", "pk": 40, "fields": {"template": 4, "label": "Brake Disc Condition (Front & Rear)", "item_type": "scale", "is_mandatory": true, "order": 26, "fail_triggers_flag": true, "unit": "", "help_text": "Check for scoring, warping, minimum thickness marking"}}, {"model": "inspections.checklistitem", "pk": 41, "fields": {"template": 4, "label": "Handbrake Effectiveness", "item_type": "pass_fail", "is_mandatory": true, "order": 27, "fail_triggers_flag": true, "unit": "", "help_text": "Should hold vehicle on gradient — count ratchet clicks (optimal 3–5)"}}, {"model": "inspections.checklistitem", "pk": 42, "fields": {"template": 4, "label": "ABS System (Warning Light)", "item_type": "pass_fail", "is_mandatory": true, "order": 28, "fail_triggers_flag": false, "unit": "", "help_text": "ABS light should go off after engine start — test on low-speed brake application"}}, {"model": "inspections.checklistitem", "pk": 43, "fields": {"template": 4, "label": "Steering Play & Alignment", "item_type": "measurement", "is_mandatory": true, "order": 29, "fail_triggers_flag": true, "unit": "degrees", "help_text": "Measure free play in steering wheel — excessive play indicates worn rack or ball joints"}}, {"model": "inspections.checklistitem", "pk": 44, "fields": {"template": 4, "label": "Wheel Bearing Condition", "item_type": "pass_fail", "is_mandatory": true, "order": 30, "fail_triggers_flag": true, "unit": "", "help_text": "Jack each corner — wobble = bearing play. Spin wheel — grinding = worn bearing"}}, {"model": "inspections.checklistitem", "pk": 45, "fields": {"template": 4, "label": "Tyre Tread Depth (All Four)", "item_type": "measurement", "is_mandatory": true, "order": 31, "fail_triggers_flag": true, "unit": "mm", "help_text": "Legal minimum 1.6mm — check inside, center, outside with tread gauge"}}, {"model": "inspections.checklistitem", "pk": 46, "fields": {"template": 4, "label": "Air Conditioning (Cooling Temp)", "item_type": "measurement", "is_mandatory": true, "order": 32, "fail_triggers_flag": false, "unit": "°C", "help_text": "Measure vent temperature — should reach 10–15°C on full cold"}}, {"model": "inspections.checklistitem", "pk": 47, "fields": {"template": 4, "label": "All Power Windows Operation", "item_type": "pass_fail", "is_mandatory": true, "order": 33, "fail_triggers_flag": false, "unit": "", "help_text": "Test up/down smoothness and auto-close on all windows"}}, {"model": "inspections.checklistitem", "pk": 48, "fields": {"template": 4, "label": "Infotainment, Bluetooth & USB", "item_type": "pass_fail", "is_mandatory": false, "order": 34, "fail_triggers_flag": false, "unit": "", "help_text": "Connect phone via Bluetooth and USB — test audio output"}}, {"model": "inspections.checklistitem", "pk": 49, "fields": {"template": 4, "label": "Instrument Cluster (All Gauges)", "item_type": "pass_fail", "is_mandatory": true, "order": 35, "fail_triggers_flag": true, "unit": "", "help_text": "Fuel, temperature, speedometer, warning lights — all should function"}}, {"model": "inspections.checklistitem", "pk": 50, "fields": {"template": 4, "label": "Seat Belts (All Positions)", "item_type": "pass_fail", "is_mandatory": true, "order": 36, "fail_triggers_flag": true, "unit": "", "help_text": "Test latch, retraction, and inertia lock on all seating positions"}}, {"model": "inspections.checklistitem", "pk": 51, "fields": {"template": 4, "label": "Central Locking & Key Fob", "item_type": "pass_fail", "is_mandatory": false, "order": 37, "fail_triggers_flag": false, "unit": "", "help_text": "All doors lock/unlock remotely and manually"}}, {"model": "inspections.checklistitem", "pk": 52, "fields": {"template": 4, "label": "Interior Condition & Odor", "item_type": "scale", "is_mandatory": true, "order": 38, "fail_triggers_flag": false, "unit": "", "help_text": "Mold, smoke, water damage odors — check under floor mats for damp"}}, {"model": "inspections.checklistitem", "pk": 53, "fields": {"template": 4, "label": "Odometer Reading & Service History", "item_type": "text", "is_mandatory": true, "order": 39, "fail_triggers_flag": true, "unit": "", "help_text": "Record exact reading — request full service book or digital history"}}, {"model": "inspections.checklistitem", "pk": 54, "fields": {"template": 4, "label": "Registration Certificate (Log Book)", "item_type": "pass_fail", "is_mandatory": true, "order": 40, "fail_triggers_flag": true, "unit": "", "help_text": "Verify owner name matches seller — request title transfer documents"}}, {"model": "inspections.checklistitem", "pk": 55, "fields": {"template": 4, "label": "Insurance Certificate Validity", "item_type": "pass_fail", "is_mandatory": true, "order": 41, "fail_triggers_flag": false, "unit": "", "help_text": "Note expiry date"}}, {"model": "inspections.checklistitem", "pk": 56, "fields": {"template": 4, "label": "Road Worthiness Certificate", "item_type": "pass_fail", "is_mandatory": true, "order": 42, "fail_triggers_flag": true, "unit": "", "help_text": "Valid certificate from SUMATRA"}}, {"model": "inspections.checklistitem", "pk": 57, "fields": {"template": 4, "label": "Outstanding Finance Check", "item_type": "text", "is_mandatory": true, "order": 43, "fail_triggers_flag": true, "unit": "", "help_text": "Ask seller to confirm no outstanding bank finance — request clearance letter if applicable"}}, {"model": "inspections.checklistitem", "pk": 58, "fields": {"template": 4, "label": "Accident History Disclosure", "item_type": "text", "is_mandatory": true, "order": 44, "fail_triggers_flag": true, "unit": "", "help_text": "Seller declaration of known accident history — cross-check with bodywork findings"}}, {"model": "inspections.checklistitem", "pk": 59, "fields": {"template": 5, "label": "Screen Burn-In / Ghost Images", "item_type": "pass_fail", "is_mandatory": true, "order": 0, "fail_triggers_flag": true, "unit": "", "help_text": "Display all-gray and all-white screens — ghost images indicate OLED burn-in"}}, {"model": "inspections.checklistitem", "pk": 60, "fields": {"template": 5, "label": "Dead Pixels & Bright Spots", "item_type": "pass_fail", "is_mandatory": true, "order": 1, "fail_triggers_flag": true, "unit": "", "help_text": "Display black screen — any lit pixels are dead/stuck pixel defects"}}, {"model": "inspections.checklistitem", "pk": 61, "fields": {"template": 5, "label": "Touch Sensitivity (All Screen Zones)", "item_type": "pass_fail", "is_mandatory": true, "order": 2, "fail_triggers_flag": true, "unit": "", "help_text": "Draw diagonal lines across all screen edges — dead zones indicate damage"}}, {"model": "inspections.checklistitem", "pk": 62, "fields": {"template": 5, "label": "Screen Glass Condition (Cracks/Scratches)", "item_type": "scale", "is_mandatory": true, "order": 3, "fail_triggers_flag": false, "unit": "", "help_text": "Check under bright light at angles — hairline cracks affect resale severely"}}, {"model": "inspections.checklistitem", "pk": 63, "fields": {"template": 5, "label": "Display Brightness (Max & Auto)", "item_type": "measurement", "is_mandatory": true, "order": 4, "fail_triggers_flag": false, "unit": "nits", "help_text": "Max brightness should match device spec — dim display may indicate degraded backlight"}}, {"model": "inspections.checklistitem", "pk": 64, "fields": {"template": 5, "label": "Face ID / Fingerprint Reader", "item_type": "pass_fail", "is_mandatory": false, "order": 5, "fail_triggers_flag": false, "unit": "", "help_text": "Test biometric unlock — failures may indicate motherboard or sensor damage"}}, {"model": "inspections.checklistitem", "pk": 65, "fields": {"template": 5, "label": "Battery Health Percentage", "item_type": "measurement", "is_mandatory": true, "order": 6, "fail_triggers_flag": true, "unit": "%", "help_text": "iOS: Settings > Battery > Battery Health. Android: Use AccuBattery app — below 80% is replacement threshold"}}, {"model": "inspections.checklistitem", "pk": 66, "fields": {"template": 5, "label": "Charge Port Condition & Function", "item_type": "pass_fail", "is_mandatory": true, "order": 7, "fail_triggers_flag": true, "unit": "", "help_text": "Inspect for bent pins, lint — test charging with known-good cable"}}, {"model": "inspections.checklistitem", "pk": 67, "fields": {"template": 5, "label": "Wireless Charging (if applicable)", "item_type": "pass_fail", "is_mandatory": false, "order": 8, "fail_triggers_flag": false, "unit": "", "help_text": "Test with compatible pad — functionality confirms charging coil intact"}}, {"model": "inspections.checklistitem", "pk": 68, "fields": {"template": 5, "label": "Battery Swelling (Visual)", "item_type": "pass_fail", "is_mandatory": true, "order": 9, "fail_triggers_flag": true, "unit": "", "help_text": "Screen lifting from body indicates swollen battery — immediate safety fail"}}, {"model": "inspections.checklistitem", "pk": 69, "fields": {"template": 5, "label": "Charge Cycle Count", "item_type": "measurement", "is_mandatory": false, "order": 10, "fail_triggers_flag": false, "unit": "cycles", "help_text": "iOS: Use CoconutBattery or similar. Android: Battery info in system settings"}}, {"model": "inspections.checklistitem", "pk": 70, "fields": {"template": 5, "label": "Rear Camera Photo Quality", "item_type": "scale", "is_mandatory": true, "order": 11, "fail_triggers_flag": false, "unit": "", "help_text": "Photograph various subjects — check for autofocus speed, blur, lens marks"}}, {"model": "inspections.checklistitem", "pk": 71, "fields": {"template": 5, "label": "Front Camera Photo Quality", "item_type": "scale", "is_mandatory": true, "order": 12, "fail_triggers_flag": false, "unit": "", "help_text": "Selfie photo test — check sharpness and exposure"}}, {"model": "inspections.checklistitem", "pk": 72, "fields": {"template": 5, "label": "Video Recording Stability", "item_type": "pass_fail", "is_mandatory": false, "order": 13, "fail_triggers_flag": false, "unit": "", "help_text": "Record 30-second video — check stabilization, audio sync, 4K if applicable"}}, {"model": "inspections.checklistitem", "pk": 73, "fields": {"template": 5, "label": "Camera Lens Condition (No Cracks)", "item_type": "pass_fail", "is_mandatory": true, "order": 14, "fail_triggers_flag": true, "unit": "", "help_text": "Inspect physically — cracked lens causes haze in photos"}}, {"model": "inspections.checklistitem", "pk": 74, "fields": {"template": 5, "label": "SIM Card Slots & Network Reception", "item_type": "pass_fail", "is_mandatory": true, "order": 15, "fail_triggers_flag": true, "unit": "", "help_text": "Insert test SIM — verify signal bars and voice call quality"}}, {"model": "inspections.checklistitem", "pk": 75, "fields": {"template": 5, "label": "Wi-Fi Connection & Speed", "item_type": "pass_fail", "is_mandatory": true, "order": 16, "fail_triggers_flag": false, "unit": "", "help_text": "Connect to known network — run speed test, check 5GHz band if applicable"}}, {"model": "inspections.checklistitem", "pk": 76, "fields": {"template": 5, "label": "Bluetooth Pairing", "item_type": "pass_fail", "is_mandatory": true, "order": 17, "fail_triggers_flag": false, "unit": "", "help_text": "Pair with headphones or speaker — test audio output quality"}}, {"model": "inspections.checklistitem", "pk": 77, "fields": {"template": 5, "label": "GPS Accuracy", "item_type": "pass_fail", "is_mandatory": false, "order": 18, "fail_triggers_flag": false, "unit": "", "help_text": "Open maps app outdoors — verify location accuracy within 10m"}}, {"model": "inspections.checklistitem", "pk": 78, "fields": {"template": 5, "label": "NFC (if applicable)", "item_type": "pass_fail", "is_mandatory": false, "order": 19, "fail_triggers_flag": false, "unit": "", "help_text": "Test with NFC-enabled payment terminal or tag"}}, {"model": "inspections.checklistitem", "pk": 79, "fields": {"template": 5, "label": "IMEI Verification", "item_type": "text", "is_mandatory": true, "order": 20, "fail_triggers_flag": true, "unit": "", "help_text": "Dial *#06# — record both IMEIs. Check blacklist status on GSMA or local registry"}}, {"model": "inspections.checklistitem", "pk": 80, "fields": {"template": 5, "label": "Speakers & Earpiece Quality", "item_type": "pass_fail", "is_mandatory": true, "order": 21, "fail_triggers_flag": false, "unit": "", "help_text": "Play music at max volume — check for distortion. Test earpiece on a call"}}, {"model": "inspections.checklistitem", "pk": 81, "fields": {"template": 5, "label": "Microphone (Voice & Noise Cancel)", "item_type": "pass_fail", "is_mandatory": true, "order": 22, "fail_triggers_flag": false, "unit": "", "help_text": "Record voice memo and play back — check clarity and noise cancellation mic"}}, {"model": "inspections.checklistitem", "pk": 82, "fields": {"template": 5, "label": "Vibration Motor", "item_type": "pass_fail", "is_mandatory": false, "order": 23, "fail_triggers_flag": false, "unit": "", "help_text": "Enable haptic feedback — test vibration intensity and consistency"}}, {"model": "inspections.checklistitem", "pk": 83, "fields": {"template": 5, "label": "Physical Buttons (Volume, Power, Mute)", "item_type": "pass_fail", "is_mandatory": true, "order": 24, "fail_triggers_flag": false, "unit": "", "help_text": "Press all buttons — ensure tactile response and function"}}, {"model": "inspections.checklistitem", "pk": 84, "fields": {"template": 5, "label": "Operating System Version & Updates", "item_type": "text", "is_mandatory": true, "order": 25, "fail_triggers_flag": false, "unit": "", "help_text": "Record OS version — note if device can still receive security updates"}}, {"model": "inspections.checklistitem", "pk": 85, "fields": {"template": 5, "label": "iCloud/Google Account Lock Status", "item_type": "pass_fail", "is_mandatory": true, "order": 26, "fail_triggers_flag": true, "unit": "", "help_text": "Factory reset should proceed without account prompt — activation lock = fraud flag"}}, {"model": "inspections.checklistitem", "pk": 86, "fields": {"template": 5, "label": "Water Damage Indicator", "item_type": "pass_fail", "is_mandatory": true, "order": 27, "fail_triggers_flag": true, "unit": "", "help_text": "Check SIM slot for red water damage indicator strip — red/pink = water damage"}}, {"model": "inspections.checklistitem", "pk": 87, "fields": {"template": 6, "label": "Foundation Condition (Visual)", "item_type": "pass_fail", "is_mandatory": true, "order": 0, "fail_triggers_flag": true, "unit": "", "help_text": "Look for cracks, settlement, water staining around foundation"}}, {"model": "inspections.checklistitem", "pk": 88, "fields": {"template": 6, "label": "Load-Bearing Wall Cracks", "item_type": "scale", "is_mandatory": true, "order": 1, "fail_triggers_flag": true, "unit": "", "help_text": "Hairline=monitor, >3mm=structural concern, diagonal cracks=subsidence"}}, {"model": "inspections.checklistitem", "pk": 89, "fields": {"template": 6, "label": "Roof Structure Integrity", "item_type": "pass_fail", "is_mandatory": true, "order": 2, "fail_triggers_flag": true, "unit": "", "help_text": "Access roof space if possible — check for sagging rafters, rot, daylight through roof"}}, {"model": "inspections.checklistitem", "pk": 90, "fields": {"template": 6, "label": "Roof Covering Condition", "item_type": "scale", "is_mandatory": true, "order": 3, "fail_triggers_flag": true, "unit": "", "help_text": "Check tiles/iron sheets — cracked, missing, or rusted sheets cause leaks"}}, {"model": "inspections.checklistitem", "pk": 91, "fields": {"template": 6, "label": "Ceiling Condition", "item_type": "scale", "is_mandatory": true, "order": 4, "fail_triggers_flag": false, "unit": "", "help_text": "Water stains indicate past or current roof/plumbing leaks"}}, {"model": "inspections.checklistitem", "pk": 92, "fields": {"template": 6, "label": "Floor Level & Structural Integrity", "item_type": "pass_fail", "is_mandatory": true, "order": 5, "fail_triggers_flag": true, "unit": "", "help_text": "Check for bouncy or sloping floors indicating joist failure or subsidence"}}, {"model": "inspections.checklistitem", "pk": 93, "fields": {"template": 6, "label": "External Wall Condition", "item_type": "scale", "is_mandatory": true, "order": 6, "fail_triggers_flag": false, "unit": "", "help_text": "Check render, pointing, cracks — note any vegetation growth in cracks"}}, {"model": "inspections.checklistitem", "pk": 94, "fields": {"template": 6, "label": "Damp Proof Course", "item_type": "pass_fail", "is_mandatory": true, "order": 7, "fail_triggers_flag": true, "unit": "", "help_text": "Check for rising damp up to 1m on internal walls — tide marks, salt deposits"}}, {"model": "inspections.checklistitem", "pk": 95, "fields": {"template": 6, "label": "Lintel Condition (Window & Door Openings)", "item_type": "pass_fail", "is_mandatory": true, "order": 8, "fail_triggers_flag": true, "unit": "", "help_text": "Cracks above openings indicate failed or missing lintels"}}, {"model": "inspections.checklistitem", "pk": 96, "fields": {"template": 6, "label": "Drainage Around Foundation", "item_type": "pass_fail", "is_mandatory": true, "order": 9, "fail_triggers_flag": true, "unit": "", "help_text": "Ground should slope away from building — pooling water causes foundation damage"}}, {"model": "inspections.checklistitem", "pk": 97, "fields": {"template": 6, "label": "Asbestos (if pre-1990 construction)", "item_type": "pass_fail", "is_mandatory": false, "order": 10, "fail_triggers_flag": true, "unit": "", "help_text": "Flag any suspected asbestos roof/ceiling sheets — requires specialist test"}}, {"model": "inspections.checklistitem", "pk": 98, "fields": {"template": 6, "label": "Structural Walls (No Unauthorized Removal)", "item_type": "pass_fail", "is_mandatory": true, "order": 11, "fail_triggers_flag": true, "unit": "", "help_text": "Compare with any available plans — removed load-bearing walls are critical safety fail"}}, {"model": "inspections.checklistitem", "pk": 99, "fields": {"template": 6, "label": "Consumer Unit / Fuse Box Condition", "item_type": "pass_fail", "is_mandatory": true, "order": 12, "fail_triggers_flag": true, "unit": "", "help_text": "MCBs present, no scorch marks, proper labelling, RCD present"}}, {"model": "inspections.checklistitem", "pk": 100, "fields": {"template": 6, "label": "Earthing & Bonding", "item_type": "pass_fail", "is_mandatory": true, "order": 13, "fail_triggers_flag": true, "unit": "", "help_text": "Earth rod visible or confirmed — bonding to water and gas pipes"}}, {"model": "inspections.checklistitem", "pk": 101, "fields": {"template": 6, "label": "Socket Outlets (Sample Test All Rooms)", "item_type": "pass_fail", "is_mandatory": true, "order": 14, "fail_triggers_flag": true, "unit": "", "help_text": "Use socket tester — check live, neutral, earth wiring. Note polarity failures"}}, {"model": "inspections.checklistitem", "pk": 102, "fields": {"template": 6, "label": "Lighting Circuit (All Rooms)", "item_type": "pass_fail", "is_mandatory": true, "order": 15, "fail_triggers_flag": false, "unit": "", "help_text": "All light switches operate correct lights — check for non-functional switches"}}, {"model": "inspections.checklistitem", "pk": 103, "fields": {"template": 6, "label": "ELCB/RCD Function Test", "item_type": "pass_fail", "is_mandatory": true, "order": 16, "fail_triggers_flag": true, "unit": "", "help_text": "Press test button on RCD — should trip immediately"}}, {"model": "inspections.checklistitem", "pk": 104, "fields": {"template": 6, "label": "Wiring Condition (Visible Sections)", "item_type": "scale", "is_mandatory": true, "order": 17, "fail_triggers_flag": true, "unit": "", "help_text": "Fabric insulation indicates old pre-1960s wiring — flag for full rewire"}}, {"model": "inspections.checklistitem", "pk": 105, "fields": {"template": 6, "label": "Outdoor/Garden Electrical Points", "item_type": "pass_fail", "is_mandatory": false, "order": 18, "fail_triggers_flag": false, "unit": "", "help_text": "Check weatherproofing and RCD protection on external sockets"}}, {"model": "inspections.checklistitem", "pk": 106, "fields": {"template": 6, "label": "Electric Meter & Tariff Type", "item_type": "text", "is_mandatory": true, "order": 19, "fail_triggers_flag": false, "unit": "", "help_text": "Record meter number and type (prepaid/postpaid) — verify with utility provider"}}, {"model": "inspections.checklistitem", "pk": 107, "fields": {"template": 6, "label": "Generator/Backup Power Connection", "item_type": "pass_fail", "is_mandatory": false, "order": 20, "fail_triggers_flag": false, "unit": "", "help_text": "Check changeover switch — must prevent backfeed to mains grid"}}, {"model": "inspections.checklistitem", "pk": 108, "fields": {"template": 6, "label": "Security Lighting & External Points", "item_type": "pass_fail", "is_mandatory": false, "order": 21, "fail_triggers_flag": false, "unit": "", "help_text": "Motion sensors functional — dusk-to-dawn lights operational"}}, {"model": "inspections.checklistitem", "pk": 109, "fields": {"template": 6, "label": "Water Supply Pressure", "item_type": "measurement", "is_mandatory": true, "order": 22, "fail_triggers_flag": true, "unit": "bar", "help_text": "Check pressure at kitchen tap — normal 1–3 bar. Low pressure indicates main issue"}}, {"model": "inspections.checklistitem", "pk": 110, "fields": {"template": 6, "label": "Hot Water System (Geyser/Boiler)", "item_type": "pass_fail", "is_mandatory": true, "order": 23, "fail_triggers_flag": false, "unit": "", "help_text": "Check age, pressure relief valve, anode rod condition, thermostat setting"}}, {"model": "inspections.checklistitem", "pk": 111, "fields": {"template": 6, "label": "All Taps & Shower Mixers", "item_type": "pass_fail", "is_mandatory": true, "order": 24, "fail_triggers_flag": false, "unit": "", "help_text": "Operate all taps — check for drips, correct hot/cold orientation"}}, {"model": "inspections.checklistitem", "pk": 112, "fields": {"template": 6, "label": "Toilet Flush & Fill Valve", "item_type": "pass_fail", "is_mandatory": true, "order": 25, "fail_triggers_flag": false, "unit": "", "help_text": "Flush — check fill time (should be <2 min), no continuous running"}}, {"model": "inspections.checklistitem", "pk": 113, "fields": {"template": 6, "label": "Drain Waste & Overflow (All Basins/Baths)", "item_type": "pass_fail", "is_mandatory": true, "order": 26, "fail_triggers_flag": false, "unit": "", "help_text": "Fill and drain — check flow rate and no backup between fixtures"}}, {"model": "inspections.checklistitem", "pk": 114, "fields": {"template": 6, "label": "Waste Pipe & Soil Pipe Condition", "item_type": "pass_fail", "is_mandatory": true, "order": 27, "fail_triggers_flag": true, "unit": "", "help_text": "Check for leaks, blockages, proper fall gradient, correct venting"}}, {"model": "inspections.checklistitem", "pk": 115, "fields": {"template": 6, "label": "Roof Gutters & Downpipes", "item_type": "pass_fail", "is_mandatory": true, "order": 28, "fail_triggers_flag": false, "unit": "", "help_text": "Check joints for gaps, blockages, and correct fall to downpipe"}}, {"model": "inspections.checklistitem", "pk": 116, "fields": {"template": 6, "label": "Septic Tank / Sewage Connection", "item_type": "text", "is_mandatory": true, "order": 29, "fail_triggers_flag": true, "unit": "", "help_text": "Confirm connection type — if septic: last emptying date, leach field condition"}}, {"model": "inspections.checklistitem", "pk": 117, "fields": {"template": 6, "label": "Water Meter & Connection", "item_type": "text", "is_mandatory": true, "order": 30, "fail_triggers_flag": false, "unit": "", "help_text": "Record meter reading and confirm correct property connection"}}, {"model": "inspections.checklistitem", "pk": 118, "fields": {"template": 6, "label": "Underground Pipe Condition", "item_type": "pass_fail", "is_mandatory": false, "order": 31, "fail_triggers_flag": false, "unit": "", "help_text": "CCTV drain survey recommended for older properties — flagged if suspected blockage"}}, {"model": "inspections.checklistitem", "pk": 119, "fields": {"template": 6, "label": "Door Lock Quality (All External Doors)", "item_type": "scale", "is_mandatory": true, "order": 32, "fail_triggers_flag": false, "unit": "", "help_text": "Check deadbolt throw, frame condition, door material thickness"}}, {"model": "inspections.checklistitem", "pk": 120, "fields": {"template": 6, "label": "Window Locks & Security", "item_type": "scale", "is_mandatory": true, "order": 33, "fail_triggers_flag": false, "unit": "", "help_text": "Test all window locks — note any that cannot be secured"}}, {"model": "inspections.checklistitem", "pk": 121, "fields": {"template": 6, "label": "Perimeter Wall / Fence Condition", "item_type": "scale", "is_mandatory": true, "order": 34, "fail_triggers_flag": false, "unit": "", "help_text": "Check height, structural integrity, anti-climb measures"}}, {"model": "inspections.checklistitem", "pk": 122, "fields": {"template": 6, "label": "Gate & Gate Motor", "item_type": "pass_fail", "is_mandatory": false, "order": 35, "fail_triggers_flag": false, "unit": "", "help_text": "Gate motor operation, remote function, manual override"}}, {"model": "inspections.checklistitem", "pk": 123, "fields": {"template": 6, "label": "Smoke Detectors", "item_type": "pass_fail", "is_mandatory": true, "order": 36, "fail_triggers_flag": true, "unit": "", "help_text": "Test each detector — mandatory in bedrooms and hallways"}}, {"model": "inspections.checklistitem", "pk": 124, "fields": {"template": 6, "label": "Fire Extinguisher (Present & Valid)", "item_type": "pass_fail", "is_mandatory": false, "order": 37, "fail_triggers_flag": false, "unit": "", "help_text": "Check pressure gauge and service date"}}, {"model": "inspections.checklistitem", "pk": 125, "fields": {"template": 6, "label": "CCTV System (if present)", "item_type": "pass_fail", "is_mandatory": false, "order": 38, "fail_triggers_flag": false, "unit": "", "help_text": "Check camera coverage, recording function, night vision"}}, {"model": "inspections.checklistitem", "pk": 126, "fields": {"template": 6, "label": "Burglar Alarm System", "item_type": "pass_fail", "is_mandatory": false, "order": 39, "fail_triggers_flag": false, "unit": "", "help_text": "Test arm/disarm — verify zones cover all entry points"}}, {"model": "inspections.checklistitem", "pk": 127, "fields": {"template": 6, "label": "Kitchen Units & Worktops", "item_type": "scale", "is_mandatory": true, "order": 40, "fail_triggers_flag": false, "unit": "", "help_text": "Check door hinges, worktop condition, water damage under sink"}}, {"model": "inspections.checklistitem", "pk": 128, "fields": {"template": 6, "label": "Bathroom Tiles & Grouting", "item_type": "scale", "is_mandatory": true, "order": 41, "fail_triggers_flag": false, "unit": "", "help_text": "Loose tiles indicate water ingress behind — press each tile to check"}}, {"model": "inspections.checklistitem", "pk": 129, "fields": {"template": 6, "label": "Floor Covering Condition (All Rooms)", "item_type": "scale", "is_mandatory": true, "order": 42, "fail_triggers_flag": false, "unit": "", "help_text": "Tiles, timber, carpet — note damage, lifting edges, squeaks"}}, {"model": "inspections.checklistitem", "pk": 130, "fields": {"template": 6, "label": "Internal Door Condition & Operation", "item_type": "scale", "is_mandatory": true, "order": 43, "fail_triggers_flag": false, "unit": "", "help_text": "All should close and latch — sticking indicates structural movement"}}, {"model": "inspections.checklistitem", "pk": 131, "fields": {"template": 6, "label": "Wall Finishes & Paintwork", "item_type": "scale", "is_mandatory": false, "order": 44, "fail_triggers_flag": false, "unit": "", "help_text": "Note cracks, staining, flaking paint — may indicate damp"}}, {"model": "inspections.checklistitem", "pk": 132, "fields": {"template": 6, "label": "Built-In Storage & Wardrobes", "item_type": "scale", "is_mandatory": false, "order": 45, "fail_triggers_flag": false, "unit": "", "help_text": "Check internal condition, hinges, rail strength"}}, {"model": "inspections.checklistitem", "pk": 133, "fields": {"template": 6, "label": "Kitchen Appliances (if included)", "item_type": "pass_fail", "is_mandatory": false, "order": 46, "fail_triggers_flag": false, "unit": "", "help_text": "Test cooker, oven, extractor, dishwasher if included in sale"}}, {"model": "inspections.checklistitem", "pk": 134, "fields": {"template": 6, "label": "Air Conditioning Units", "item_type": "pass_fail", "is_mandatory": false, "order": 47, "fail_triggers_flag": false, "unit": "", "help_text": "Test cooling and heating modes — check filter condition and drainage"}}, {"model": "inspections.checklistitem", "pk": 135, "fields": {"template": 6, "label": "Title Deed Verification", "item_type": "text", "is_mandatory": true, "order": 48, "fail_triggers_flag": true, "unit": "", "help_text": "Original title deed — check owner name, plot number, registered area"}}, {"model": "inspections.checklistitem", "pk": 136, "fields": {"template": 6, "label": "Survey Plan (Cadastral)", "item_type": "text", "is_mandatory": true, "order": 49, "fail_triggers_flag": true, "unit": "", "help_text": "Compare physical boundaries with survey plan — encroachments are fail"}}, {"model": "inspections.checklistitem", "pk": 137, "fields": {"template": 6, "label": "Building Permit & Approved Plans", "item_type": "pass_fail", "is_mandatory": true, "order": 50, "fail_triggers_flag": true, "unit": "", "help_text": "All structures must have approved permits — unauthorized extensions are flagged"}}, {"model": "inspections.checklistitem", "pk": 138, "fields": {"template": 6, "label": "Occupancy Certificate", "item_type": "pass_fail", "is_mandatory": true, "order": 51, "fail_triggers_flag": true, "unit": "", "help_text": "Certificate of occupancy from municipality — required for habitation"}}, {"model": "inspections.checklistitem", "pk": 139, "fields": {"template": 6, "label": "Land Rates & Service Charges (Up to Date)", "item_type": "text", "is_mandatory": true, "order": 52, "fail_triggers_flag": true, "unit": "", "help_text": "Request rates clearance certificate — unpaid rates transfer to new owner"}}, {"model": "inspections.checklistitem", "pk": 140, "fields": {"template": 6, "label": "Utility Bills & Accounts", "item_type": "text", "is_mandatory": true, "order": 53, "fail_triggers_flag": false, "unit": "", "help_text": "Check water and electricity accounts are in seller name — request clearance"}}, {"model": "inspections.checklistitem", "pk": 141, "fields": {"template": 6, "label": "Encumbrances & Caveats", "item_type": "text", "is_mandatory": true, "order": 54, "fail_triggers_flag": true, "unit": "", "help_text": "Search title for mortgages, caveats, court orders — any found = fail trigger"}}, {"model": "inspections.checklistitem", "pk": 142, "fields": {"template": 7, "label": "Display (Dead Pixels, Backlight Bleed)", "item_type": "pass_fail", "is_mandatory": true, "order": 0, "fail_triggers_flag": true, "unit": "", "help_text": "Display solid colors — check corners for backlight bleed"}}, {"model": "inspections.checklistitem", "pk": 143, "fields": {"template": 7, "label": "Screen Hinge Condition", "item_type": "scale", "is_mandatory": true, "order": 1, "fail_triggers_flag": false, "unit": "", "help_text": "Open/close — should hold position at all angles without wobble"}}, {"model": "inspections.checklistitem", "pk": 144, "fields": {"template": 7, "label": "Keyboard (All Keys Function)", "item_type": "pass_fail", "is_mandatory": true, "order": 2, "fail_triggers_flag": false, "unit": "", "help_text": "Use keyboard test website — check every key including Fn combinations"}}, {"model": "inspections.checklistitem", "pk": 145, "fields": {"template": 7, "label": "Trackpad (Click & Gesture)", "item_type": "pass_fail", "is_mandatory": true, "order": 3, "fail_triggers_flag": false, "unit": "", "help_text": "Test click, right-click, two-finger scroll, pinch-to-zoom"}}, {"model": "inspections.checklistitem", "pk": 146, "fields": {"template": 7, "label": "Battery Cycle Count & Health", "item_type": "measurement", "is_mandatory": true, "order": 4, "fail_triggers_flag": true, "unit": "cycles", "help_text": "Windows: powercfg /batteryreport. Mac: System Info > Power — note design vs full capacity"}}, {"model": "inspections.checklistitem", "pk": 147, "fields": {"template": 7, "label": "RAM Amount & Type", "item_type": "text", "is_mandatory": true, "order": 5, "fail_triggers_flag": false, "unit": "GB", "help_text": "Verify installed RAM matches advertised spec"}}, {"model": "inspections.checklistitem", "pk": 148, "fields": {"template": 7, "label": "Storage Drive Health (SMART Data)", "item_type": "pass_fail", "is_mandatory": true, "order": 6, "fail_triggers_flag": true, "unit": "", "help_text": "Run CrystalDiskInfo (Win) or DiskScan (Mac) — any SMART warnings = fail trigger"}}, {"model": "inspections.checklistitem", "pk": 149, "fields": {"template": 7, "label": "Storage Capacity & Type (SSD/HDD)", "item_type": "text", "is_mandatory": true, "order": 7, "fail_triggers_flag": false, "unit": "GB", "help_text": "Verify actual storage matches spec — check if original or upgraded"}}, {"model": "inspections.checklistitem", "pk": 150, "fields": {"template": 7, "label": "Processor (Benchmark Score)", "item_type": "measurement", "is_mandatory": false, "order": 8, "fail_triggers_flag": false, "unit": "score", "help_text": "Run Cinebench or PassMark — compare to known good score for that CPU"}}, {"model": "inspections.checklistitem", "pk": 151, "fields": {"template": 7, "label": "GPU (if dedicated) Function", "item_type": "pass_fail", "is_mandatory": false, "order": 9, "fail_triggers_flag": false, "unit": "", "help_text": "Stress test with GPU-Z or render test — check temperatures and artifacts"}}, {"model": "inspections.checklistitem", "pk": 152, "fields": {"template": 7, "label": "USB Ports (All Types & Speeds)", "item_type": "pass_fail", "is_mandatory": true, "order": 10, "fail_triggers_flag": false, "unit": "", "help_text": "Test each USB port with USB 3.0 drive — verify transfer speed"}}, {"model": "inspections.checklistitem", "pk": 153, "fields": {"template": 7, "label": "HDMI / DisplayPort Output", "item_type": "pass_fail", "is_mandatory": false, "order": 11, "fail_triggers_flag": false, "unit": "", "help_text": "Connect external monitor — verify signal and resolution"}}, {"model": "inspections.checklistitem", "pk": 154, "fields": {"template": 7, "label": "Wi-Fi & Bluetooth", "item_type": "pass_fail", "is_mandatory": true, "order": 12, "fail_triggers_flag": false, "unit": "", "help_text": "Connect to 5GHz and 2.4GHz — run speed test"}}, {"model": "inspections.checklistitem", "pk": 155, "fields": {"template": 7, "label": "Webcam & Microphone", "item_type": "pass_fail", "is_mandatory": true, "order": 13, "fail_triggers_flag": false, "unit": "", "help_text": "Test video call quality — check autofocus and audio clarity"}}, {"model": "inspections.checklistitem", "pk": 156, "fields": {"template": 7, "label": "Speakers & Headphone Jack", "item_type": "pass_fail", "is_mandatory": true, "order": 14, "fail_triggers_flag": false, "unit": "", "help_text": "Play audio — check for distortion at volume. Test 3.5mm jack"}}, {"model": "inspections.checklistitem", "pk": 157, "fields": {"template": 7, "label": "Cooling System (Temperatures Under Load)", "item_type": "measurement", "is_mandatory": true, "order": 15, "fail_triggers_flag": true, "unit": "°C", "help_text": "Run stress test for 5 min — CPU should not exceed 95°C. Throttling = fail"}}, {"model": "inspections.checklistitem", "pk": 158, "fields": {"template": 7, "label": "Chassis Condition (Cracks, Warping)", "item_type": "scale", "is_mandatory": true, "order": 16, "fail_triggers_flag": false, "unit": "", "help_text": "Check lid, base, and palm rest — cracks near hinge indicate drop damage"}}, {"model": "inspections.checklistitem", "pk": 159, "fields": {"template": 7, "label": "Serial Number & BIOS Info", "item_type": "text", "is_mandatory": true, "order": 17, "fail_triggers_flag": true, "unit": "", "help_text": "Record serial — check against any blacklist or theft registry"}}, {"model": "inspections.checklistitem", "pk": 160, "fields": {"template": 7, "label": "Operating System & License", "item_type": "text", "is_mandatory": true, "order": 18, "fail_triggers_flag": false, "unit": "", "help_text": "Note OS version and whether license is genuine and transferable"}}, {"model": "inspections.checklistitem", "pk": 161, "fields": {"template": 7, "label": "Charger & Cable Condition", "item_type": "pass_fail", "is_mandatory": false, "order": 19, "fail_triggers_flag": false, "unit": "", "help_text": "Check charger for fraying, correct wattage, and charging speed"}}, {"model": "inspections.checklistitem", "pk": 162, "fields": {"template": 7, "label": "Battery Run-Time Test", "item_type": "measurement", "is_mandatory": true, "order": 20, "fail_triggers_flag": false, "unit": "hours", "help_text": "Discharge from 100% at normal load — note time to 20%"}}, {"model": "inspections.checklistitem", "pk": 163, "fields": {"template": 7, "label": "Fan Noise & Vibration", "item_type": "scale", "is_mandatory": true, "order": 21, "fail_triggers_flag": false, "unit": "", "help_text": "Excessive fan noise at idle indicates cooling paste degradation or failing fan"}}, {"model": "inspections.checklistitem", "pk": 164, "fields": {"template": 8, "label": "Engine Start (Cold & Warm)", "item_type": "pass_fail", "is_mandatory": true, "order": 0, "fail_triggers_flag": true, "unit": "", "help_text": "Cold start without choke assistance after warm-up — ease of starting indicates condition"}}, {"model": "inspections.checklistitem", "pk": 165, "fields": {"template": 8, "label": "Engine Oil Level & Condition", "item_type": "pass_fail", "is_mandatory": true, "order": 1, "fail_triggers_flag": true, "unit": "", "help_text": "Check dipstick — dark sludge indicates neglected maintenance"}}, {"model": "inspections.checklistitem", "pk": 166, "fields": {"template": 8, "label": "Output Voltage (No Load)", "item_type": "measurement", "is_mandatory": true, "order": 2, "fail_triggers_flag": true, "unit": "V", "help_text": "220–240V nominal — outside ±10% indicates regulator fault"}}, {"model": "inspections.checklistitem", "pk": 167, "fields": {"template": 8, "label": "Output Voltage (Full Load)", "item_type": "measurement", "is_mandatory": true, "order": 3, "fail_triggers_flag": true, "unit": "V", "help_text": "Apply rated load — voltage should remain stable within ±5%"}}, {"model": "inspections.checklistitem", "pk": 168, "fields": {"template": 8, "label": "Output Frequency", "item_type": "measurement", "is_mandatory": true, "order": 4, "fail_triggers_flag": true, "unit": "Hz", "help_text": "50Hz nominal — check with meter under load"}}, {"model": "inspections.checklistitem", "pk": 169, "fields": {"template": 8, "label": "Fuel Leaks (Tank, Lines, Carb)", "item_type": "pass_fail", "is_mandatory": true, "order": 5, "fail_triggers_flag": true, "unit": "", "help_text": "Fuel smell or drips — immediate fail, fire hazard"}}, {"model": "inspections.checklistitem", "pk": 170, "fields": {"template": 8, "label": "Air Filter Condition", "item_type": "scale", "is_mandatory": true, "order": 6, "fail_triggers_flag": false, "unit": "", "help_text": "Remove and inspect — heavily clogged affects performance"}}, {"model": "inspections.checklistitem", "pk": 171, "fields": {"template": 8, "label": "Spark Plug Condition", "item_type": "scale", "is_mandatory": true, "order": 7, "fail_triggers_flag": false, "unit": "", "help_text": "Remove plug — check electrode gap, carbon fouling, oil fouling"}}, {"model": "inspections.checklistitem", "pk": 172, "fields": {"template": 8, "label": "Automatic Voltage Regulator (AVR)", "item_type": "pass_fail", "is_mandatory": true, "order": 8, "fail_triggers_flag": true, "unit": "", "help_text": "Confirm AVR type and operation — protects connected equipment"}}, {"model": "inspections.checklistitem", "pk": 173, "fields": {"template": 8, "label": "Circuit Breaker & Overload Protection", "item_type": "pass_fail", "is_mandatory": true, "order": 9, "fail_triggers_flag": true, "unit": "", "help_text": "Test trip function — breaker should trip at rated amperage"}}, {"model": "inspections.checklistitem", "pk": 174, "fields": {"template": 8, "label": "Earth Connection", "item_type": "pass_fail", "is_mandatory": true, "order": 10, "fail_triggers_flag": true, "unit": "", "help_text": "Verify proper earth stake connected — essential for safety"}}, {"model": "inspections.checklistitem", "pk": 175, "fields": {"template": 8, "label": "Fuel Tank Capacity & Condition", "item_type": "measurement", "is_mandatory": true, "order": 11, "fail_triggers_flag": false, "unit": "L", "help_text": "Confirm tank capacity, check for rust inside tank"}}, {"model": "inspections.checklistitem", "pk": 176, "fields": {"template": 8, "label": "Runtime Per Tank (Tested)", "item_type": "measurement", "is_mandatory": true, "order": 12, "fail_triggers_flag": false, "unit": "hours", "help_text": "Run until empty at 75% load — compare to manufacturer spec"}}, {"model": "inspections.checklistitem", "pk": 177, "fields": {"template": 8, "label": "Noise Level", "item_type": "measurement", "is_mandatory": false, "order": 13, "fail_triggers_flag": false, "unit": "dB", "help_text": "Measure at 7 metres — relevant for residential use"}}, {"model": "inspections.checklistitem", "pk": 178, "fields": {"template": 8, "label": "Control Panel (Meters & Switches)", "item_type": "pass_fail", "is_mandatory": true, "order": 14, "fail_triggers_flag": false, "unit": "", "help_text": "All meters and switches operational — hourmeter shows actual use"}}, {"model": "inspections.checklistitem", "pk": 179, "fields": {"template": 8, "label": "Battery (Electric Start Models)", "item_type": "pass_fail", "is_mandatory": false, "order": 15, "fail_triggers_flag": false, "unit": "", "help_text": "Battery condition and cold cranking performance"}}, {"model": "inspections.checklistitem", "pk": 180, "fields": {"template": 8, "label": "Frame & Body Condition", "item_type": "scale", "is_mandatory": true, "order": 16, "fail_triggers_flag": false, "unit": "", "help_text": "Rust, cracks in frame, wheel condition"}}, {"model": "inspections.checklistitem", "pk": 181, "fields": {"template": 8, "label": "Service History & Hours", "item_type": "text", "is_mandatory": true, "order": 17, "fail_triggers_flag": false, "unit": "hours", "help_text": "Record hourmeter reading — oil change due every 250 hours"}}, {"model": "inspections.inspectorprofile", "pk": 1, "fields": {"user": 8, "level": "senior", "is_available": true, "performance_score": "100.00", "total_inspections": 0, "total_flags": 0, "phone_number": "", "notes": "", "created_at": "2026-04-26T15:41:38.912Z", "certified_categories": [4]}}, {"model": "inspections.inspectorprofile", "pk": 2, "fields": {"user": 2, "level": "senior", "is_available": true, "performance_score": "100.00", "total_inspections": 3, "total_flags": 0, "phone_number": "", "notes": "", "created_at": "2026-04-26T17:57:22.327Z", "certified_categories": [4, 2, 5, 7]}}, {"model": "inspections.inspectionrequest", "pk": 1, "fields": {"client": 8, "category": 5, "inspection_id": "UZ-PHO-20260426-00001", "item_name": "Iphone 14", "item_description": "Everything", "item_address": "dsm tanzania", "item_age_years": null, "is_complex": false, "scope": "deep", "turnaround": "standard", "status": "assigned", "pre_inspection_notes": "", "reinspection_coverage": false, "marketplace_product": null, "product_snapshot": null, "created_at": "2026-04-26T17:44:58.939Z", "updated_at": "2026-04-27T08:25:51.183Z"}}, {"model": "inspections.inspectionrequest", "pk": 2, "fields": {"client": 8, "category": 7, "inspection_id": "UZ-SED-20260426-00002", "item_name": "Toyota camry", "item_description": "This is a toyota camryDar es salaam", "item_address": "Po box 299", "item_age_years": 3, "is_complex": false, "scope": "deep", "turnaround": "standard", "status": "published", "pre_inspection_notes": "", "reinspection_coverage": false, "marketplace_product": null, "product_snapshot": null, "created_at": "2026-04-26T17:48:40.355Z", "updated_at": "2026-04-26T22:59:40.803Z"}}, {"model": "inspections.inspectionrequest", "pk": 6, "fields": {"client": 15, "category": 5, "inspection_id": "UZ-PHO-20260427-00001", "item_name": "Test Phone", "item_description": "Test description for the phone.", "item_address": "123 Test St, Test City", "item_age_years": null, "is_complex": false, "scope": "standard", "turnaround": "standard", "status": "requested", "pre_inspection_notes": "", "reinspection_coverage": false, "marketplace_product": null, "product_snapshot": null, "created_at": "2026-04-27T15:44:05.029Z", "updated_at": "2026-04-27T15:44:05.029Z"}}, {"model": "inspections.inspectionrequest", "pk": 7, "fields": {"client": 1, "category": 9, "inspection_id": "UZ-VEH-20260428-00001", "item_name": "react nat", "item_description": "react", "item_address": "Marketplace Warehouse / Seller Location", "item_age_years": 3, "is_complex": false, "scope": "deep", "turnaround": "instant", "status": "published", "pre_inspection_notes": "", "reinspection_coverage": false, "marketplace_product": 178, "product_snapshot": {"id": 178, "name": "react nat", "description": "react", "price": "2000.00", "condition": "New", "stock": 6, "image_url": "/media/product_images/Screenshot_2026-04-14_110549.png", "captured_at": "2026-04-28T11:10:36.023579+00:00"}, "created_at": "2026-04-28T11:10:36.028Z", "updated_at": "2026-04-28T22:49:21.710Z"}}, {"model": "inspections.inspectionbill", "pk": 1, "fields": {"request": 2, "base_rate": "100000.00", "scope_multiplier": "2.00", "turnaround_surcharge": "0.00", "complexity_surcharge": "0.00", "travel_surcharge": "1000.00", "inspector_level_surcharge": "0.00", "reinspection_coverage_fee": "0.00", "total_amount": "101000.00", "deposit_amount": "30000.00", "remaining_balance": "71000.00", "currency": "TZS", "created_at": "2026-04-26T17:54:33.248Z"}}, {"model": "inspections.inspectionbill", "pk": 2, "fields": {"request": 1, "base_rate": "40000.00", "scope_multiplier": "2.00", "turnaround_surcharge": "0.00", "complexity_surcharge": "0.00", "travel_surcharge": "2000.00", "inspector_level_surcharge": "0.00", "reinspection_coverage_fee": "0.00", "total_amount": "42000.00", "deposit_amount": "12000.00", "remaining_balance": "30000.00", "currency": "TZS", "created_at": "2026-04-27T07:27:56.049Z"}}, {"model": "inspections.inspectionbill", "pk": 3, "fields": {"request": 7, "base_rate": "100000.00", "scope_multiplier": "2.00", "turnaround_surcharge": "30000.00", "complexity_surcharge": "0.00", "travel_surcharge": "1000.00", "inspector_level_surcharge": "0.00", "reinspection_coverage_fee": "0.00", "total_amount": "131000.00", "deposit_amount": "39000.00", "remaining_balance": "92000.00", "currency": "TZS", "created_at": "2026-04-28T11:12:16.422Z"}}, {"model": "inspections.inspectionpayment", "pk": 1, "fields": {"request": 2, "stage": "deposit", "amount": "30000.00", "proof_image": "inspection_payment_proofs/Screenshot_2026-04-14_110549.png", "transaction_reference": "", "status": "approved", "confirmed_by": 8, "confirmed_at": "2026-04-26T17:59:43.128Z", "rejection_reason": "", "created_at": "2026-04-26T17:55:30.537Z"}}, {"model": "inspections.inspectionpayment", "pk": 2, "fields": {"request": 2, "stage": "balance", "amount": "71000.00", "proof_image": "inspection_payment_proofs/Screenshot_2026-04-14_110549_8oQtdTE.png", "transaction_reference": "", "status": "approved", "confirmed_by": 8, "confirmed_at": "2026-04-26T22:56:39.616Z", "rejection_reason": "", "created_at": "2026-04-26T18:00:37.240Z"}}, {"model": "inspections.inspectionpayment", "pk": 3, "fields": {"request": 2, "stage": "balance", "amount": "71000.00", "proof_image": "inspection_payment_proofs/Screenshot_2026-04-14_110549_n6L6cpe.png", "transaction_reference": "", "status": "approved", "confirmed_by": 8, "confirmed_at": "2026-04-26T22:56:38.463Z", "rejection_reason": "", "created_at": "2026-04-26T18:00:45.967Z"}}, {"model": "inspections.inspectionpayment", "pk": 4, "fields": {"request": 2, "stage": "balance", "amount": "71000.00", "proof_image": "inspection_payment_proofs/Screenshot_2026-04-14_110549_uUpJ72t.png", "transaction_reference": "", "status": "approved", "confirmed_by": 8, "confirmed_at": "2026-04-26T18:01:06.037Z", "rejection_reason": "", "created_at": "2026-04-26T18:00:47.565Z"}}, {"model": "inspections.inspectionpayment", "pk": 5, "fields": {"request": 1, "stage": "deposit", "amount": "12000.00", "proof_image": "inspection_payment_proofs/Screenshot_2026-04-14_110549_Cc2L0gj.png", "transaction_reference": "", "status": "approved", "confirmed_by": 8, "confirmed_at": "2026-04-27T08:25:08.039Z", "rejection_reason": "", "created_at": "2026-04-27T07:30:06.208Z"}}, {"model": "inspections.inspectionpayment", "pk": 6, "fields": {"request": 1, "stage": "balance", "amount": "30000.00", "proof_image": "inspection_payment_proofs/Screenshot_2026-04-14_110549_UcJyQ5Z.png", "transaction_reference": "", "status": "approved", "confirmed_by": 8, "confirmed_at": "2026-04-27T08:25:51.166Z", "rejection_reason": "", "created_at": "2026-04-27T08:25:38.590Z"}}, {"model": "inspections.inspectionpayment", "pk": 7, "fields": {"request": 7, "stage": "deposit", "amount": "39000.00", "proof_image": "inspection_payment_proofs/Screenshot_2026-04-14_110549_YOBOuLY.png", "transaction_reference": "", "status": "approved", "confirmed_by": 1, "confirmed_at": "2026-04-28T11:14:26.806Z", "rejection_reason": "", "created_at": "2026-04-28T11:13:25.586Z"}}, {"model": "inspections.inspectionpayment", "pk": 8, "fields": {"request": 7, "stage": "balance", "amount": "92000.00", "proof_image": "inspection_payment_proofs/Screenshot_2026-04-14_110549_4IRokMW.png", "transaction_reference": "", "status": "approved", "confirmed_by": 1, "confirmed_at": "2026-04-28T11:16:09.334Z", "rejection_reason": "", "created_at": "2026-04-28T11:14:54.033Z"}}, {"model": "inspections.inspectionassignment", "pk": 1, "fields": {"request": 2, "inspector": 2, "assigned_by": 8, "is_manual_override": false, "override_reason": "", "sla_deadline": "2026-04-28T17:57:55.202Z", "assigned_at": "2026-04-26T17:57:55.203Z", "is_active": true}}, {"model": "inspections.inspectionassignment", "pk": 2, "fields": {"request": 1, "inspector": 2, "assigned_by": 8, "is_manual_override": false, "override_reason": "", "sla_deadline": "2026-04-29T08:15:22.210Z", "assigned_at": "2026-04-27T08:15:22.211Z", "is_active": true}}, {"model": "inspections.inspectionassignment", "pk": 3, "fields": {"request": 7, "inspector": 2, "assigned_by": 1, "is_manual_override": false, "override_reason": "", "sla_deadline": "2026-04-28T15:25:08.440Z", "assigned_at": "2026-04-28T11:25:08.450Z", "is_active": true}}, {"model": "inspections.inspectioncheckin", "pk": 1, "fields": {"request": 2, "checkin_photo": "inspection_checkins/Screenshot_2026-04-14_110549_MLL68S2.png", "checkin_lat": "-6.786083000", "checkin_lng": "39.201573000", "checkin_at": "2026-04-26T18:19:49.374Z", "checkout_photo": "inspection_checkouts/Screenshot_2026-04-14_110549.png", "checkout_lat": "-6.786098000", "checkout_lng": "39.201534000", "checkout_at": "2026-04-26T22:58:55.321Z"}}, {"model": "inspections.inspectioncheckin", "pk": 2, "fields": {"request": 1, "checkin_photo": "inspection_checkins/Screenshot_2026-04-14_110549_Bm8KfhC.png", "checkin_lat": "-6.785000000", "checkin_lng": "39.199700000", "checkin_at": "2026-04-27T08:18:00.339Z", "checkout_photo": "inspection_checkouts/Screenshot_2026-04-14_110549_Y7xcibK.png", "checkout_lat": "-6.786151000", "checkout_lng": "39.201497000", "checkout_at": "2026-04-27T08:20:03.321Z"}}, {"model": "inspections.inspectioncheckin", "pk": 3, "fields": {"request": 7, "checkin_photo": "inspection_checkins/Screenshot_2026-04-14_110549_OoSEKfq.png", "checkin_lat": null, "checkin_lng": null, "checkin_at": "2026-04-28T22:34:27.207Z", "checkout_photo": "inspection_checkouts/Screenshot_2026-04-14_110549_zc095Jj.png", "checkout_lat": "-6.786143000", "checkout_lng": "39.201566000", "checkout_at": "2026-04-28T22:47:02.926Z"}}, {"model": "inspections.inspectionevidence", "pk": 1, "fields": {"request": 1, "checklist_item": null, "image": "inspection_evidence/Screenshot_2026-04-14_110549.png", "captured_at": "2026-04-27T08:20:03.621Z", "latitude": null, "longitude": null, "file_hash": "b52fbe71fcf3173d8b6375e390147079246883159c820feec333ccc8b8555b31", "caption": ""}}, {"model": "inspections.inspectionevidence", "pk": 2, "fields": {"request": 7, "checklist_item": null, "image": "inspection_evidence/Screenshot_2026-04-14_110549_o9sbOLP.png", "captured_at": "2026-04-28T22:47:03.114Z", "latitude": null, "longitude": null, "file_hash": "b52fbe71fcf3173d8b6375e390147079246883159c820feec333ccc8b8555b31", "caption": ""}}, {"model": "inspections.inspectionreport", "pk": 1, "fields": {"request": 2, "checklist_template_version": 1, "verdict": "conditional", "summary": "qwertyuio", "is_locked": true, "report_hash": "04f33486cac02ed36f766018692b42c3dd8f497cbbd0a32c80c2d3b70677b85e", "submitted_by": 2, "submitted_at": "2026-04-26T21:42:56.282Z", "finalized_at": "2026-04-26T22:58:55.413Z", "approved_by": 8, "approved_at": "2026-04-26T22:59:40.759Z", "qa_notes": "AUTO-FLAGGED: Anomalies detected. Review before approving."}}, {"model": "inspections.inspectionreport", "pk": 2, "fields": {"request": 1, "checklist_template_version": 1, "verdict": "pass", "summary": "Simu iko poa Kila kitu kinafanya kazi vizuri", "is_locked": true, "report_hash": "1b3b316116dbd62cb7f4fd2f7ed0658f86068c3485d44eb6741c3e69818b9a3e", "submitted_by": 2, "submitted_at": "2026-04-27T08:18:00.413Z", "finalized_at": "2026-04-27T08:20:03.413Z", "approved_by": 8, "approved_at": "2026-04-27T08:21:46.772Z", "qa_notes": "AUTO-FLAGGED: Anomalies detected. Review before approving."}}, {"model": "inspections.inspectionreport", "pk": 3, "fields": {"request": 7, "checklist_template_version": 1, "verdict": "pass", "summary": "its in a good condition", "is_locked": true, "report_hash": "7738bbd4bc021adff3d14f115092a25e8f00c56875ce88863778d889f5e9684f", "submitted_by": 2, "submitted_at": null, "finalized_at": "2026-04-28T22:47:03.161Z", "approved_by": 7, "approved_at": "2026-04-28T22:49:21.677Z", "qa_notes": ""}}, {"model": "inspections.checklistresponse", "pk": 1, "fields": {"report": 1, "checklist_item": 1, "response_value": "Pass", "flagged": false, "notes": ""}}, {"model": "inspections.checklistresponse", "pk": 2, "fields": {"report": 1, "checklist_item": 2, "response_value": "3", "flagged": false, "notes": ""}}, {"model": "inspections.checklistresponse", "pk": 3, "fields": {"report": 1, "checklist_item": 4, "response_value": "Pass", "flagged": false, "notes": ""}}, {"model": "inspections.checklistresponse", "pk": 4, "fields": {"report": 1, "checklist_item": 3, "response_value": "3", "flagged": false, "notes": ""}}, {"model": "inspections.checklistresponse", "pk": 5, "fields": {"report": 1, "checklist_item": 5, "response_value": "Pass", "flagged": false, "notes": ""}}, {"model": "inspections.checklistresponse", "pk": 6, "fields": {"report": 2, "checklist_item": 6, "response_value": "Pass", "flagged": false, "notes": "Bado mpya ila in a scratches"}}, {"model": "inspections.checklistresponse", "pk": 7, "fields": {"report": 2, "checklist_item": 9, "response_value": "Pass", "flagged": false, "notes": ""}}, {"model": "inspections.checklistresponse", "pk": 8, "fields": {"report": 2, "checklist_item": 8, "response_value": "4", "flagged": false, "notes": "Zinapiga kazi vizuri lakini kwa nje kuna mkawaruzo"}}, {"model": "inspections.checklistresponse", "pk": 9, "fields": {"report": 2, "checklist_item": 7, "response_value": "92", "flagged": false, "notes": ""}}, {"model": "inspections.checklistresponse", "pk": 10, "fields": {"report": 3, "checklist_item": 10, "response_value": "Pass", "flagged": false, "notes": "passed with flying colors"}}, {"model": "inspections.checklistresponse", "pk": 11, "fields": {"report": 3, "checklist_item": 12, "response_value": "Pass", "flagged": false, "notes": "nothing"}}, {"model": "inspections.checklistresponse", "pk": 12, "fields": {"report": 3, "checklist_item": 13, "response_value": "Pass", "flagged": false, "notes": "very good"}}, {"model": "inspections.checklistresponse", "pk": 13, "fields": {"report": 3, "checklist_item": 11, "response_value": "Pass", "flagged": false, "notes": "passed"}}, {"model": "inspections.inspectionnotification", "pk": 1, "fields": {"user": 8, "notification_type": "bill_ready", "message": "Your inspection bill for Toyota camry is ready. Total: 101000.0 TZS.", "related_request": 2, "is_read": false, "created_at": "2026-04-26T17:54:33.288Z"}}, {"model": "inspections.inspectionnotification", "pk": 2, "fields": {"user": 2, "notification_type": "assigned", "message": "You have been assigned inspection UZ-SED-20260426-00002 for Toyota camry.", "related_request": 2, "is_read": false, "created_at": "2026-04-26T17:57:55.242Z"}}, {"model": "inspections.inspectionnotification", "pk": 3, "fields": {"user": 8, "notification_type": "assigned", "message": "An inspector has been assigned to your inspection UZ-SED-20260426-00002.", "related_request": 2, "is_read": false, "created_at": "2026-04-26T17:57:55.261Z"}}, {"model": "inspections.inspectionnotification", "pk": 4, "fields": {"user": 8, "notification_type": "payment_confirmed", "message": "Your deposit payment for UZ-SED-20260426-00002 has been confirmed.", "related_request": 2, "is_read": false, "created_at": "2026-04-26T17:59:43.178Z"}}, {"model": "inspections.inspectionnotification", "pk": 5, "fields": {"user": 8, "notification_type": "payment_confirmed", "message": "Your balance payment for UZ-SED-20260426-00002 has been confirmed.", "related_request": 2, "is_read": false, "created_at": "2026-04-26T18:01:06.068Z"}}, {"model": "inspections.inspectionnotification", "pk": 6, "fields": {"user": 8, "notification_type": "payment_confirmed", "message": "Your balance payment for UZ-SED-20260426-00002 has been confirmed.", "related_request": 2, "is_read": false, "created_at": "2026-04-26T22:56:38.522Z"}}, {"model": "inspections.inspectionnotification", "pk": 7, "fields": {"user": 8, "notification_type": "payment_confirmed", "message": "Your balance payment for UZ-SED-20260426-00002 has been confirmed.", "related_request": 2, "is_read": false, "created_at": "2026-04-26T22:56:39.668Z"}}, {"model": "inspections.inspectionnotification", "pk": 8, "fields": {"user": 8, "notification_type": "report_ready", "message": "Your inspection report for UZ-SED-20260426-00002 is ready. Verdict: CONDITIONAL.", "related_request": 2, "is_read": false, "created_at": "2026-04-26T22:59:40.847Z"}}, {"model": "inspections.inspectionnotification", "pk": 9, "fields": {"user": 8, "notification_type": "bill_ready", "message": "Your inspection bill for Iphone 14 is ready. Total: 42000.00 TZS.", "related_request": 1, "is_read": false, "created_at": "2026-04-27T07:27:56.088Z"}}, {"model": "inspections.inspectionnotification", "pk": 10, "fields": {"user": 2, "notification_type": "assigned", "message": "You have been assigned inspection UZ-PHO-20260426-00001 for Iphone 14.", "related_request": 1, "is_read": false, "created_at": "2026-04-27T08:15:22.259Z"}}, {"model": "inspections.inspectionnotification", "pk": 11, "fields": {"user": 8, "notification_type": "assigned", "message": "An inspector has been assigned to your inspection UZ-PHO-20260426-00001.", "related_request": 1, "is_read": false, "created_at": "2026-04-27T08:15:22.280Z"}}, {"model": "inspections.inspectionnotification", "pk": 12, "fields": {"user": 8, "notification_type": "report_ready", "message": "Your inspection report for UZ-PHO-20260426-00001 is ready. Verdict: PASS.", "related_request": 1, "is_read": false, "created_at": "2026-04-27T08:21:46.845Z"}}, {"model": "inspections.inspectionnotification", "pk": 13, "fields": {"user": 8, "notification_type": "payment_confirmed", "message": "Your deposit payment for UZ-PHO-20260426-00001 has been confirmed.", "related_request": 1, "is_read": false, "created_at": "2026-04-27T08:25:08.079Z"}}, {"model": "inspections.inspectionnotification", "pk": 14, "fields": {"user": 8, "notification_type": "payment_confirmed", "message": "Your balance payment for UZ-PHO-20260426-00001 has been confirmed.", "related_request": 1, "is_read": false, "created_at": "2026-04-27T08:25:51.198Z"}}, {"model": "inspections.inspectionnotification", "pk": 15, "fields": {"user": 1, "notification_type": "bill_ready", "message": "Your inspection bill for react nat is ready. Total: 131000.00 TZS.", "related_request": 7, "is_read": false, "created_at": "2026-04-28T11:12:16.469Z"}}, {"model": "inspections.inspectionnotification", "pk": 16, "fields": {"user": 1, "notification_type": "status_update", "message": "You have accepted the bill for UZ-VEH-20260428-00001. Please proceed to payment.", "related_request": 7, "is_read": false, "created_at": "2026-04-28T11:13:08.673Z"}}, {"model": "inspections.inspectionnotification", "pk": 17, "fields": {"user": 1, "notification_type": "payment_confirmed", "message": "Your deposit payment for UZ-VEH-20260428-00001 has been confirmed.", "related_request": 7, "is_read": false, "created_at": "2026-04-28T11:14:26.854Z"}}, {"model": "inspections.inspectionnotification", "pk": 18, "fields": {"user": 1, "notification_type": "payment_confirmed", "message": "Your balance payment for UZ-VEH-20260428-00001 has been confirmed.", "related_request": 7, "is_read": false, "created_at": "2026-04-28T11:16:09.383Z"}}, {"model": "inspections.inspectionnotification", "pk": 19, "fields": {"user": 2, "notification_type": "assigned", "message": "You have been assigned inspection UZ-VEH-20260428-00001 for react nat.", "related_request": 7, "is_read": false, "created_at": "2026-04-28T11:25:08.492Z"}}, {"model": "inspections.inspectionnotification", "pk": 20, "fields": {"user": 1, "notification_type": "assigned", "message": "An inspector has been assigned to your inspection UZ-VEH-20260428-00001.", "related_request": 7, "is_read": false, "created_at": "2026-04-28T11:25:08.507Z"}}, {"model": "inspections.inspectionnotification", "pk": 21, "fields": {"user": 1, "notification_type": "report_ready", "message": "Your inspection report for UZ-VEH-20260428-00001 is ready. Verdict: PASS.", "related_request": 7, "is_read": false, "created_at": "2026-04-28T22:49:21.743Z"}}, {"model": "inspections.fraudflag", "pk": 1, "fields": {"request": 2, "flag_type": "no_media", "details": "No evidence photos submitted", "resolved": true, "resolved_by": 8, "created_at": "2026-04-26T22:58:55.461Z"}}, {"model": "inspections.fraudflag", "pk": 2, "fields": {"request": 1, "flag_type": "speed_anomaly", "details": "Inspection completed in 2.0 minutes", "resolved": false, "resolved_by": null, "created_at": "2026-04-27T08:20:03.458Z"}}, {"model": "inspections.fraudflag", "pk": 3, "fields": {"request": 1, "flag_type": "no_media", "details": "No evidence photos submitted", "resolved": false, "resolved_by": null, "created_at": "2026-04-27T08:20:03.458Z"}}]