[{"model": "marketplace.category", "pk": 17, "fields": {"name": "Vehicles", "slug": "vehicles", "description": "Cars, motorcycles, trucks, etc.", "parent": null}}, {"model": "marketplace.category", "pk": 18, "fields": {"name": "Cars", "slug": "cars", "description": "Passenger cars", "parent": 17}}, {"model": "marketplace.category", "pk": 19, "fields": {"name": "Trucks", "slug": "trucks", "description": "Trucks and heavy-duty vehicles", "parent": 17}}, {"model": "marketplace.category", "pk": 20, "fields": {"name": "Motorcycles", "slug": "motorcycles", "description": "Motorcycles and scooters", "parent": 17}}, {"model": "marketplace.category", "pk": 21, "fields": {"name": "SUVs", "slug": "suvs", "description": "Sports Utility Vehicles", "parent": 17}}, {"model": "marketplace.category", "pk": 22, "fields": {"name": "Vehicle Spares", "slug": "vehicle-spares", "description": "Spare parts for vehicles", "parent": null}}, {"model": "marketplace.category", "pk": 23, "fields": {"name": "Engine Parts", "slug": "engine-parts", "description": "Engine components", "parent": 22}}, {"model": "marketplace.category", "pk": 24, "fields": {"name": "Body Parts", "slug": "body-parts", "description": "Body panels, doors, etc.", "parent": 22}}, {"model": "marketplace.category", "pk": 25, "fields": {"name": "Tires & Wheels", "slug": "tires-wheels", "description": "Tires and wheel sets", "parent": 22}}, {"model": "marketplace.category", "pk": 26, "fields": {"name": "Electrical", "slug": "electrical", "description": "Car's Electrical parts", "parent": 22}}, {"model": "marketplace.category", "pk": 27, "fields": {"name": "Accessories", "slug": "accessories", "description": "Vehicle Accessories", "parent": 22}}, {"model": "marketplace.category", "pk": 28, "fields": {"name": "Oil & Lubricants", "slug": "oil-lubricants", "description": "Oils and Lubricants", "parent": 22}}, {"model": "marketplace.sitesettings", "pk": 1, "fields": {"company_name": "UZASPEA", "tagline": "", "support_email": "", "support_phone": "", "whatsapp_number": "", "address": "", "facebook_url": "", "instagram_url": "", "twitter_url": "", "working_hours": "Mon–Fri 8am–6pm EAT"}}, {"model": "marketplace.mobilenetwork", "pk": 1, "fields": {"name": "Airtel Money", "image": "mobile-networks/airtel money.png"}}, {"model": "marketplace.mobilenetwork", "pk": 2, "fields": {"name": "Halopesa", "image": "mobile-networks/halopesa_tanzania_logo.jpg"}}, {"model": "marketplace.mobilenetwork", "pk": 3, "fields": {"name": "M-Pesa", "image": "mobile-networks/mpesa.png"}}, {"model": "marketplace.mobilenetwork", "pk": 4, "fields": {"name": "Mixx by Yas", "image": "mobile-networks/mixx_by_yas.png"}}, {"model": "marketplace.subscriptiontier", "pk": 1, "fields": {"name": "Standard", "price": "5000.00", "benefits": "Basic support,Standard badge,Access to offers", "duration": 30, "is_active": true}}, {"model": "marketplace.subscriptiontier", "pk": 2, "fields": {"name": "Premium", "price": "15000.00", "benefits": "Premium support,Gold badge,Priority offers,Featured placement,Test", "duration": 30, "is_active": true}}, {"model": "inspections.inspectioncategory", "pk": 1, "fields": {"name": "Vehicles", "slug": "vehicles", "level": "domain", "parent": null, "description": "", "base_price": "0.00", "required_inspector_level": "junior", "is_active": true, "marketplace_category": null, "product_origin": "any", "created_at": "2026-04-26T15:40:59.880Z"}}, {"model": "inspections.inspectioncategory", "pk": 2, "fields": {"name": "Electronics", "slug": "electronics", "level": "domain", "parent": null, "description": "", "base_price": "0.00", "required_inspector_level": "junior", "is_active": true, "marketplace_category": null, "product_origin": "any", "created_at": "2026-04-26T15:40:59.908Z"}}, {"model": "inspections.inspectioncategory", "pk": 3, "fields": {"name": "Property", "slug": "property", "level": "domain", "parent": null, "description": "", "base_price": "0.00", "required_inspector_level": "junior", "is_active": true, "marketplace_category": null, "product_origin": "any", "created_at": "2026-04-26T15:40:59.934Z"}}, {"model": "inspections.inspectioncategory", "pk": 4, "fields": {"name": "Cars", "slug": "cars", "level": "category", "parent": 1, "description": "", "base_price": "50000.00", "required_inspector_level": "junior", "is_active": true, "marketplace_category": null, "product_origin": "any", "created_at": "2026-04-26T15:40:59.959Z"}}, {"model": "inspections.inspectioncategory", "pk": 5, "fields": {"name": "Phones", "slug": "phones", "level": "category", "parent": 2, "description": "", "base_price": "20000.00", "required_inspector_level": "junior", "is_active": true, "marketplace_category": null, "product_origin": "any", "created_at": "2026-04-26T15:40:59.984Z"}}, {"model": "inspections.inspectioncategory", "pk": 6, "fields": {"name": "Residential", "slug": "residential", "level": "category", "parent": 3, "description": "", "base_price": "100000.00", "required_inspector_level": "senior", "is_active": true, "marketplace_category": null, "product_origin": "any", "created_at": "2026-04-26T15:41:00.010Z"}}, {"model": "inspections.inspectioncategory", "pk": 7, "fields": {"name": "Sedans", "slug": "sedans", "level": "subcategory", "parent": 4, "description": "", "base_price": "50000.00", "required_inspector_level": "junior", "is_active": true, "marketplace_category": null, "product_origin": "any", "created_at": "2026-04-26T15:41:00.036Z"}}, {"model": "inspections.inspectioncategory", "pk": 8, "fields": {"name": "Marketplace", "slug": "marketplace", "level": "domain", "parent": null, "description": "Automatic category for marketplace items", "base_price": "0.00", "required_inspector_level": "junior", "is_active": true, "marketplace_category": null, "product_origin": "any", "created_at": "2026-04-28T11:07:01.916Z"}}, {"model": "inspections.inspectioncategory", "pk": 9, "fields": {"name": "Vehicle Spares", "slug": "vehicle-spares", "level": "category", "parent": 8, "description": "Auto-created from marketplace: Spare parts for vehicles", "base_price": "50000.00", "required_inspector_level": "junior", "is_active": true, "marketplace_category": null, "product_origin": "any", "created_at": "2026-04-28T11:07:01.937Z"}}, {"model": "inspections.inspectioncategory", "pk": 10, "fields": {"name": "Cars & SUVs", "slug": "cars-suvs", "level": "category", "parent": 1, "description": "", "base_price": "60000.00", "required_inspector_level": "senior", "is_active": true, "marketplace_category": null, "product_origin": "any", "created_at": "2026-04-29T01:02:53.646Z"}}, {"model": "inspections.inspectioncategory", "pk": 11, "fields": {"name": "Motorcycles & Boda Boda", "slug": "motorcycles-boda-boda", "level": "category", "parent": 1, "description": "", "base_price": "35000.00", "required_inspector_level": "junior", "is_active": true, "marketplace_category": null, "product_origin": "any", "created_at": "2026-04-29T01:02:53.675Z"}}, {"model": "inspections.inspectioncategory", "pk": 12, "fields": {"name": "Trucks & Commercial", "slug": "trucks-commercial", "level": "category", "parent": 1, "description": "", "base_price": "90000.00", "required_inspector_level": "specialist", "is_active": true, "marketplace_category": null, "product_origin": "any", "created_at": "2026-04-29T01:02:53.702Z"}}, {"model": "inspections.inspectioncategory", "pk": 13, "fields": {"name": "Smartphones & Tablets", "slug": "smartphones-tablets", "level": "category", "parent": 2, "description": "", "base_price": "25000.00", "required_inspector_level": "junior", "is_active": true, "marketplace_category": null, "product_origin": "any", "created_at": "2026-04-29T01:02:53.729Z"}}, {"model": "inspections.inspectioncategory", "pk": 14, "fields": {"name": "Laptops & Computers", "slug": "laptops-computers", "level": "category", "parent": 2, "description": "", "base_price": "35000.00", "required_inspector_level": "senior", "is_active": true, "marketplace_category": null, "product_origin": "any", "created_at": "2026-04-29T01:02:53.756Z"}}, {"model": "inspections.inspectioncategory", "pk": 15, "fields": {"name": "TVs & Audio Equipment", "slug": "tvs-audio-equipment", "level": "category", "parent": 2, "description": "", "base_price": "20000.00", "required_inspector_level": "junior", "is_active": true, "marketplace_category": null, "product_origin": "any", "created_at": "2026-04-29T01:02:53.780Z"}}, {"model": "inspections.inspectioncategory", "pk": 16, "fields": {"name": "Residential Property", "slug": "residential-property", "level": "category", "parent": 3, "description": "", "base_price": "150000.00", "required_inspector_level": "specialist", "is_active": true, "marketplace_category": null, "product_origin": "any", "created_at": "2026-04-29T01:02:53.808Z"}}, {"model": "inspections.inspectioncategory", "pk": 17, "fields": {"name": "Commercial Property", "slug": "commercial-property", "level": "category", "parent": 3, "description": "", "base_price": "200000.00", "required_inspector_level": "specialist", "is_active": true, "marketplace_category": null, "product_origin": "any", "created_at": "2026-04-29T01:02:53.836Z"}}, {"model": "inspections.inspectioncategory", "pk": 18, "fields": {"name": "Land & Plots", "slug": "land-plots", "level": "category", "parent": 3, "description": "", "base_price": "80000.00", "required_inspector_level": "senior", "is_active": true, "marketplace_category": null, "product_origin": "any", "created_at": "2026-04-29T01:02:53.860Z"}}, {"model": "inspections.inspectioncategory", "pk": 19, "fields": {"name": "Machinery & Equipment", "slug": "machinery-equipment", "level": "domain", "parent": null, "description": "", "base_price": "0.00", "required_inspector_level": "junior", "is_active": true, "marketplace_category": null, "product_origin": "any", "created_at": "2026-04-29T01:02:53.887Z"}}, {"model": "inspections.inspectioncategory", "pk": 20, "fields": {"name": "Generators & Power", "slug": "generators-power", "level": "category", "parent": 19, "description": "", "base_price": "50000.00", "required_inspector_level": "senior", "is_active": true, "marketplace_category": null, "product_origin": "any", "created_at": "2026-04-29T01:02:53.914Z"}}, {"model": "inspections.inspectioncategory", "pk": 21, "fields": {"name": "Agricultural Equipment", "slug": "agricultural-equipment", "level": "category", "parent": 19, "description": "", "base_price": "70000.00", "required_inspector_level": "specialist", "is_active": true, "marketplace_category": null, "product_origin": "any", "created_at": "2026-04-29T01:02:53.938Z"}}, {"model": "inspections.checklisttemplate", "pk": 1, "fields": {"category": 4, "version": 1, "is_active": true, "created_at": "2026-04-26T15:58:08.219Z", "created_by": null}}, {"model": "inspections.checklisttemplate", "pk": 2, "fields": {"category": 5, "version": 1, "is_active": true, "created_at": "2026-04-26T15:58:33.294Z", "created_by": null}}, {"model": "inspections.checklisttemplate", "pk": 3, "fields": {"category": 6, "version": 1, "is_active": true, "created_at": "2026-04-26T15:58:33.428Z", "created_by": null}}, {"model": "inspections.checklisttemplate", "pk": 4, "fields": {"category": 10, "version": 1, "is_active": true, "created_at": "2026-04-29T01:02:53.961Z", "created_by": null}}, {"model": "inspections.checklisttemplate", "pk": 5, "fields": {"category": 13, "version": 1, "is_active": true, "created_at": "2026-04-29T01:02:54.979Z", "created_by": null}}, {"model": "inspections.checklisttemplate", "pk": 6, "fields": {"category": 16, "version": 1, "is_active": true, "created_at": "2026-04-29T01:02:55.577Z", "created_by": null}}, {"model": "inspections.checklisttemplate", "pk": 7, "fields": {"category": 14, "version": 1, "is_active": true, "created_at": "2026-04-29T01:02:56.669Z", "created_by": null}}, {"model": "inspections.checklisttemplate", "pk": 8, "fields": {"category": 20, "version": 1, "is_active": true, "created_at": "2026-04-29T01:02:57.044Z", "created_by": null}}, {"model": "inspections.checklistitem", "pk": 1, "fields": {"template": 1, "label": "Engine Sound & Smoothness", "item_type": "pass_fail", "is_mandatory": true, "order": 0, "fail_triggers_flag": false, "unit": "", "help_text": ""}}, {"model": "inspections.checklistitem", "pk": 2, "fields": {"template": 1, "label": "Exterior Body & Paint Condition", "item_type": "scale", "is_mandatory": true, "order": 0, "fail_triggers_flag": false, "unit": "", "help_text": ""}}, {"model": "inspections.checklistitem", "pk": 3, "fields": {"template": 1, "label": "Tire Tread Depth & Wear", "item_type": "scale", "is_mandatory": true, "order": 0, "fail_triggers_flag": false, "unit": "", "help_text": ""}}, {"model": "inspections.checklistitem", "pk": 4, "fields": {"template": 1, "label": "Interior Electronics & AC", "item_type": "pass_fail", "is_mandatory": true, "order": 0, "fail_triggers_flag": false, "unit": "", "help_text": ""}}, {"model": "inspections.checklistitem", "pk": 5, "fields": {"template": 1, "label": "Chassis & Suspension Check", "item_type": "pass_fail", "is_mandatory": true, "order": 0, "fail_triggers_flag": false, "unit": "", "help_text": ""}}, {"model": "inspections.checklistitem", "pk": 6, "fields": {"template": 2, "label": "Screen & Touch Sensitivity", "item_type": "pass_fail", "is_mandatory": true, "order": 0, "fail_triggers_flag": false, "unit": "", "help_text": ""}}, {"model": "inspections.checklistitem", "pk": 7, "fields": {"template": 2, "label": "Battery Health (%)", "item_type": "text", "is_mandatory": true, "order": 0, "fail_triggers_flag": false, "unit": "", "help_text": ""}}, {"model": "inspections.checklistitem", "pk": 8, "fields": {"template": 2, "label": "Camera Quality (Front/Back)", "item_type": "scale", "is_mandatory": true, "order": 0, "fail_triggers_flag": false, "unit": "", "help_text": ""}}, {"model": "inspections.checklistitem", "pk": 9, "fields": {"template": 2, "label": "Network & Wi-Fi Connectivity", "item_type": "pass_fail", "is_mandatory": true, "order": 0, "fail_triggers_flag": false, "unit": "", "help_text": ""}}, {"model": "inspections.checklistitem", "pk": 10, "fields": {"template": 3, "label": "Structural Integrity Check", "item_type": "pass_fail", "is_mandatory": true, "order": 0, "fail_triggers_flag": false, "unit": "", "help_text": ""}}, {"model": "inspections.checklistitem", "pk": 11, "fields": {"template": 3, "label": "Electrical Point Testing", "item_type": "pass_fail", "is_mandatory": true, "order": 0, "fail_triggers_flag": false, "unit": "", "help_text": ""}}, {"model": "inspections.checklistitem", "pk": 12, "fields": {"template": 3, "label": "Plumbing & Water Leakage", "item_type": "pass_fail", "is_mandatory": true, "order": 0, "fail_triggers_flag": false, "unit": "", "help_text": ""}}, {"model": "inspections.checklistitem", "pk": 13, "fields": {"template": 3, "label": "Security & Locks", "item_type": "pass_fail", "is_mandatory": true, "order": 0, "fail_triggers_flag": false, "unit": "", "help_text": ""}}, {"model": "inspections.checklistitem", "pk": 14, "fields": {"template": 4, "label": "Engine Start & Idle Quality", "item_type": "pass_fail", "is_mandatory": true, "order": 0, "fail_triggers_flag": true, "unit": "", "help_text": "Cold start and warm idle — listen for knocking, misfires, rough idle"}}, {"model": "inspections.checklistitem", "pk": 15, "fields": {"template": 4, "label": "Engine Oil Level & Condition", "item_type": "pass_fail", "is_mandatory": true, "order": 1, "fail_triggers_flag": true, "unit": "", "help_text": "Check dipstick — color, level, milky appearance indicates water ingress"}}, {"model": "inspections.checklistitem", "pk": 16, "fields": {"template": 4, "label": "Coolant Level & Condition", "item_type": "pass_fail", "is_mandatory": true, "order": 2, "fail_triggers_flag": true, "unit": "", "help_text": "Check reservoir and radiator cap — rust or oil contamination"}}, {"model": "inspections.checklistitem", "pk": 17, "fields": {"template": 4, "label": "Transmission Shift Quality (All Gears)", "item_type": "scale", "is_mandatory": true, "order": 3, "fail_triggers_flag": true, "unit": "", "help_text": "Test all gears including reverse — slipping, grinding, delays"}}, {"model": "inspections.checklistitem", "pk": 18, "fields": {"template": 4, "label": "Clutch Engagement Point (Manual)", "item_type": "pass_fail", "is_mandatory": false, "order": 4, "fail_triggers_flag": false, "unit": "", "help_text": "Clutch biting point — high biting point indicates wear"}}, {"model": "inspections.checklistitem", "pk": 19, "fields": {"template": 4, "label": "Engine Oil Leaks (Visual)", "item_type": "pass_fail", "is_mandatory": true, "order": 5, "fail_triggers_flag": true, "unit": "", "help_text": "Check under hood and beneath car for oil drips or seeping gaskets"}}, {"model": "inspections.checklistitem", "pk": 20, "fields": {"template": 4, "label": "Timing Belt/Chain Condition", "item_type": "pass_fail", "is_mandatory": true, "order": 6, "fail_triggers_flag": true, "unit": "", "help_text": "Check service history — timing belt typically replaced at 80,000–100,000 km"}}, {"model": "inspections.checklistitem", "pk": 21, "fields": {"template": 4, "label": "Exhaust Smoke Color & Odor", "item_type": "pass_fail", "is_mandatory": true, "order": 7, "fail_triggers_flag": true, "unit": "", "help_text": "Blue=oil burn, White=coolant burn, Black=rich mixture — all fail triggers"}}, {"model": "inspections.checklistitem", "pk": 22, "fields": {"template": 4, "label": "Power Steering Fluid Level", "item_type": "pass_fail", "is_mandatory": true, "order": 8, "fail_triggers_flag": false, "unit": "", "help_text": "Check reservoir — low level may indicate leak"}}, {"model": "inspections.checklistitem", "pk": 23, "fields": {"template": 4, "label": "Drive Shaft & CV Joints", "item_type": "pass_fail", "is_mandatory": true, "order": 9, "fail_triggers_flag": true, "unit": "", "help_text": "Turn steering full lock and accelerate — clicking indicates CV joint failure"}}, {"model": "inspections.checklistitem", "pk": 24, "fields": {"template": 4, "label": "Fuel System (No Leaks, Correct Pressure)", "item_type": "pass_fail", "is_mandatory": true, "order": 10, "fail_triggers_flag": true, "unit": "", "help_text": "Check for fuel smell, leaks at injectors and fuel lines"}}, {"model": "inspections.checklistitem", "pk": 25, "fields": {"template": 4, "label": "Engine Compression Test", "item_type": "measurement", "is_mandatory": false, "order": 11, "fail_triggers_flag": true, "unit": "PSI", "help_text": "Cylinder compression — deviation >10% between cylinders is fail trigger"}}, {"model": "inspections.checklistitem", "pk": 26, "fields": {"template": 4, "label": "Paintwork Condition & Color Match", "item_type": "scale", "is_mandatory": true, "order": 12, "fail_triggers_flag": false, "unit": "", "help_text": "Use paint thickness gauge if available — respray indicates accident repair"}}, {"model": "inspections.checklistitem", "pk": 27, "fields": {"template": 4, "label": "Panel Gaps & Alignment", "item_type": "scale", "is_mandatory": true, "order": 13, "fail_triggers_flag": true, "unit": "", "help_text": "Uneven gaps indicate accident damage or poor repair"}}, {"model": "inspections.checklistitem", "pk": 28, "fields": {"template": 4, "label": "Rust & Corrosion Assessment", "item_type": "scale", "is_mandatory": true, "order": 14, "fail_triggers_flag": true, "unit": "", "help_text": "Check wheel arches, sills, floor, chassis — structural rust is fail"}}, {"model": "inspections.checklistitem", "pk": 29, "fields": {"template": 4, "label": "Glass & Windscreen (Chips/Cracks)", "item_type": "pass_fail", "is_mandatory": true, "order": 15, "fail_triggers_flag": false, "unit": "", "help_text": "Any crack in driver sight line is mandatory replacement"}}, {"model": "inspections.checklistitem", "pk": 30, "fields": {"template": 4, "label": "Doors, Boot & Bonnet Operation", "item_type": "pass_fail", "is_mandatory": true, "order": 16, "fail_triggers_flag": false, "unit": "", "help_text": "All should open, close and latch smoothly with proper alignment"}}, {"model": "inspections.checklistitem", "pk": 31, "fields": {"template": 4, "label": "VIN/Chassis Number Verification", "item_type": "pass_fail", "is_mandatory": true, "order": 17, "fail_triggers_flag": true, "unit": "", "help_text": "Match chassis plate, windscreen sticker and registration documents — mismatch is fraud flag"}}, {"model": "inspections.checklistitem", "pk": 32, "fields": {"template": 4, "label": "Undercarriage Rust & Damage", "item_type": "pass_fail", "is_mandatory": true, "order": 18, "fail_triggers_flag": true, "unit": "", "help_text": "Lift vehicle or use mirror — check chassis rails, floor pan, crossmembers"}}, {"model": "inspections.checklistitem", "pk": 33, "fields": {"template": 4, "label": "Airbag System (Warning Light)", "item_type": "pass_fail", "is_mandatory": true, "order": 19, "fail_triggers_flag": true, "unit": "", "help_text": "SRS warning light off after startup — if on, system is compromised"}}, {"model": "inspections.checklistitem", "pk": 34, "fields": {"template": 4, "label": "Headlights, Taillights & Indicators", "item_type": "pass_fail", "is_mandatory": true, "order": 20, "fail_triggers_flag": false, "unit": "", "help_text": "All lights operational including hazards, reversing lights, number plate light"}}, {"model": "inspections.checklistitem", "pk": 35, "fields": {"template": 4, "label": "Wiper Blades & Washer System", "item_type": "pass_fail", "is_mandatory": false, "order": 21, "fail_triggers_flag": false, "unit": "", "help_text": "Wiper sweep quality and washer jet aim"}}, {"model": "inspections.checklistitem", "pk": 36, "fields": {"template": 4, "label": "Front Shock Absorbers", "item_type": "scale", "is_mandatory": true, "order": 22, "fail_triggers_flag": true, "unit": "", "help_text": "Bounce test — should settle within 1–2 oscillations. Leaking = fail"}}, {"model": "inspections.checklistitem", "pk": 37, "fields": {"template": 4, "label": "Rear Shock Absorbers", "item_type": "scale", "is_mandatory": true, "order": 23, "fail_triggers_flag": true, "unit": "", "help_text": "Same bounce test — note any difference side-to-side"}}, {"model": "inspections.checklistitem", "pk": 38, "fields": {"template": 4, "label": "Brake Pad Thickness (Front)", "item_type": "measurement", "is_mandatory": true, "order": 24, "fail_triggers_flag": true, "unit": "mm", "help_text": "Minimum legal thickness 3mm — below 2mm immediate fail"}}, {"model": "inspections.checklistitem", "pk": 39, "fields": {"template": 4, "label": "Brake Pad Thickness (Rear)", "item_type": "measurement", "is_mandatory": true, "order": 25, "fail_triggers_flag": true, "unit": "mm", "help_text": "Check via caliper inspection or wheel removal if accessible"}}, {"model": "inspections.checklistitem", "pk": 40, "fields": {"template": 4, "label": "Brake Disc Condition (Front & Rear)", "item_type": "scale", "is_mandatory": true, "order": 26, "fail_triggers_flag": true, "unit": "", "help_text": "Check for scoring, warping, minimum thickness marking"}}, {"model": "inspections.checklistitem", "pk": 41, "fields": {"template": 4, "label": "Handbrake Effectiveness", "item_type": "pass_fail", "is_mandatory": true, "order": 27, "fail_triggers_flag": true, "unit": "", "help_text": "Should hold vehicle on gradient — count ratchet clicks (optimal 3–5)"}}, {"model": "inspections.checklistitem", "pk": 42, "fields": {"template": 4, "label": "ABS System (Warning Light)", "item_type": "pass_fail", "is_mandatory": true, "order": 28, "fail_triggers_flag": false, "unit": "", "help_text": "ABS light should go off after engine start — test on low-speed brake application"}}, {"model": "inspections.checklistitem", "pk": 43, "fields": {"template": 4, "label": "Steering Play & Alignment", "item_type": "measurement", "is_mandatory": true, "order": 29, "fail_triggers_flag": true, "unit": "degrees", "help_text": "Measure free play in steering wheel — excessive play indicates worn rack or ball joints"}}, {"model": "inspections.checklistitem", "pk": 44, "fields": {"template": 4, "label": "Wheel Bearing Condition", "item_type": "pass_fail", "is_mandatory": true, "order": 30, "fail_triggers_flag": true, "unit": "", "help_text": "Jack each corner — wobble = bearing play. Spin wheel — grinding = worn bearing"}}, {"model": "inspections.checklistitem", "pk": 45, "fields": {"template": 4, "label": "Tyre Tread Depth (All Four)", "item_type": "measurement", "is_mandatory": true, "order": 31, "fail_triggers_flag": true, "unit": "mm", "help_text": "Legal minimum 1.6mm — check inside, center, outside with tread gauge"}}, {"model": "inspections.checklistitem", "pk": 46, "fields": {"template": 4, "label": "Air Conditioning (Cooling Temp)", "item_type": "measurement", "is_mandatory": true, "order": 32, "fail_triggers_flag": false, "unit": "°C", "help_text": "Measure vent temperature — should reach 10–15°C on full cold"}}, {"model": "inspections.checklistitem", "pk": 47, "fields": {"template": 4, "label": "All Power Windows Operation", "item_type": "pass_fail", "is_mandatory": true, "order": 33, "fail_triggers_flag": false, "unit": "", "help_text": "Test up/down smoothness and auto-close on all windows"}}, {"model": "inspections.checklistitem", "pk": 48, "fields": {"template": 4, "label": "Infotainment, Bluetooth & USB", "item_type": "pass_fail", "is_mandatory": false, "order": 34, "fail_triggers_flag": false, "unit": "", "help_text": "Connect phone via Bluetooth and USB — test audio output"}}, {"model": "inspections.checklistitem", "pk": 49, "fields": {"template": 4, "label": "Instrument Cluster (All Gauges)", "item_type": "pass_fail", "is_mandatory": true, "order": 35, "fail_triggers_flag": true, "unit": "", "help_text": "Fuel, temperature, speedometer, warning lights — all should function"}}, {"model": "inspections.checklistitem", "pk": 50, "fields": {"template": 4, "label": "Seat Belts (All Positions)", "item_type": "pass_fail", "is_mandatory": true, "order": 36, "fail_triggers_flag": true, "unit": "", "help_text": "Test latch, retraction, and inertia lock on all seating positions"}}, {"model": "inspections.checklistitem", "pk": 51, "fields": {"template": 4, "label": "Central Locking & Key Fob", "item_type": "pass_fail", "is_mandatory": false, "order": 37, "fail_triggers_flag": false, "unit": "", "help_text": "All doors lock/unlock remotely and manually"}}, {"model": "inspections.checklistitem", "pk": 52, "fields": {"template": 4, "label": "Interior Condition & Odor", "item_type": "scale", "is_mandatory": true, "order": 38, "fail_triggers_flag": false, "unit": "", "help_text": "Mold, smoke, water damage odors — check under floor mats for damp"}}, {"model": "inspections.checklistitem", "pk": 53, "fields": {"template": 4, "label": "Odometer Reading & Service History", "item_type": "text", "is_mandatory": true, "order": 39, "fail_triggers_flag": true, "unit": "", "help_text": "Record exact reading — request full service book or digital history"}}, {"model": "inspections.checklistitem", "pk": 54, "fields": {"template": 4, "label": "Registration Certificate (Log Book)", "item_type": "pass_fail", "is_mandatory": true, "order": 40, "fail_triggers_flag": true, "unit": "", "help_text": "Verify owner name matches seller — request title transfer documents"}}, {"model": "inspections.checklistitem", "pk": 55, "fields": {"template": 4, "label": "Insurance Certificate Validity", "item_type": "pass_fail", "is_mandatory": true, "order": 41, "fail_triggers_flag": false, "unit": "", "help_text": "Note expiry date"}}, {"model": "inspections.checklistitem", "pk": 56, "fields": {"template": 4, "label": "Road Worthiness Certificate", "item_type": "pass_fail", "is_mandatory": true, "order": 42, "fail_triggers_flag": true, "unit": "", "help_text": "Valid certificate from SUMATRA"}}, {"model": "inspections.checklistitem", "pk": 57, "fields": {"template": 4, "label": "Outstanding Finance Check", "item_type": "text", "is_mandatory": true, "order": 43, "fail_triggers_flag": true, "unit": "", "help_text": "Ask seller to confirm no outstanding bank finance — request clearance letter if applicable"}}, {"model": "inspections.checklistitem", "pk": 58, "fields": {"template": 4, "label": "Accident History Disclosure", "item_type": "text", "is_mandatory": true, "order": 44, "fail_triggers_flag": true, "unit": "", "help_text": "Seller declaration of known accident history — cross-check with bodywork findings"}}, {"model": "inspections.checklistitem", "pk": 59, "fields": {"template": 5, "label": "Screen Burn-In / Ghost Images", "item_type": "pass_fail", "is_mandatory": true, "order": 0, "fail_triggers_flag": true, "unit": "", "help_text": "Display all-gray and all-white screens — ghost images indicate OLED burn-in"}}, {"model": "inspections.checklistitem", "pk": 60, "fields": {"template": 5, "label": "Dead Pixels & Bright Spots", "item_type": "pass_fail", "is_mandatory": true, "order": 1, "fail_triggers_flag": true, "unit": "", "help_text": "Display black screen — any lit pixels are dead/stuck pixel defects"}}, {"model": "inspections.checklistitem", "pk": 61, "fields": {"template": 5, "label": "Touch Sensitivity (All Screen Zones)", "item_type": "pass_fail", "is_mandatory": true, "order": 2, "fail_triggers_flag": true, "unit": "", "help_text": "Draw diagonal lines across all screen edges — dead zones indicate damage"}}, {"model": "inspections.checklistitem", "pk": 62, "fields": {"template": 5, "label": "Screen Glass Condition (Cracks/Scratches)", "item_type": "scale", "is_mandatory": true, "order": 3, "fail_triggers_flag": false, "unit": "", "help_text": "Check under bright light at angles — hairline cracks affect resale severely"}}, {"model": "inspections.checklistitem", "pk": 63, "fields": {"template": 5, "label": "Display Brightness (Max & Auto)", "item_type": "measurement", "is_mandatory": true, "order": 4, "fail_triggers_flag": false, "unit": "nits", "help_text": "Max brightness should match device spec — dim display may indicate degraded backlight"}}, {"model": "inspections.checklistitem", "pk": 64, "fields": {"template": 5, "label": "Face ID / Fingerprint Reader", "item_type": "pass_fail", "is_mandatory": false, "order": 5, "fail_triggers_flag": false, "unit": "", "help_text": "Test biometric unlock — failures may indicate motherboard or sensor damage"}}, {"model": "inspections.checklistitem", "pk": 65, "fields": {"template": 5, "label": "Battery Health Percentage", "item_type": "measurement", "is_mandatory": true, "order": 6, "fail_triggers_flag": true, "unit": "%", "help_text": "iOS: Settings > Battery > Battery Health. Android: Use AccuBattery app — below 80% is replacement threshold"}}, {"model": "inspections.checklistitem", "pk": 66, "fields": {"template": 5, "label": "Charge Port Condition & Function", "item_type": "pass_fail", "is_mandatory": true, "order": 7, "fail_triggers_flag": true, "unit": "", "help_text": "Inspect for bent pins, lint — test charging with known-good cable"}}, {"model": "inspections.checklistitem", "pk": 67, "fields": {"template": 5, "label": "Wireless Charging (if applicable)", "item_type": "pass_fail", "is_mandatory": false, "order": 8, "fail_triggers_flag": false, "unit": "", "help_text": "Test with compatible pad — functionality confirms charging coil intact"}}, {"model": "inspections.checklistitem", "pk": 68, "fields": {"template": 5, "label": "Battery Swelling (Visual)", "item_type": "pass_fail", "is_mandatory": true, "order": 9, "fail_triggers_flag": true, "unit": "", "help_text": "Screen lifting from body indicates swollen battery — immediate safety fail"}}, {"model": "inspections.checklistitem", "pk": 69, "fields": {"template": 5, "label": "Charge Cycle Count", "item_type": "measurement", "is_mandatory": false, "order": 10, "fail_triggers_flag": false, "unit": "cycles", "help_text": "iOS: Use CoconutBattery or similar. Android: Battery info in system settings"}}, {"model": "inspections.checklistitem", "pk": 70, "fields": {"template": 5, "label": "Rear Camera Photo Quality", "item_type": "scale", "is_mandatory": true, "order": 11, "fail_triggers_flag": false, "unit": "", "help_text": "Photograph various subjects — check for autofocus speed, blur, lens marks"}}, {"model": "inspections.checklistitem", "pk": 71, "fields": {"template": 5, "label": "Front Camera Photo Quality", "item_type": "scale", "is_mandatory": true, "order": 12, "fail_triggers_flag": false, "unit": "", "help_text": "Selfie photo test — check sharpness and exposure"}}, {"model": "inspections.checklistitem", "pk": 72, "fields": {"template": 5, "label": "Video Recording Stability", "item_type": "pass_fail", "is_mandatory": false, "order": 13, "fail_triggers_flag": false, "unit": "", "help_text": "Record 30-second video — check stabilization, audio sync, 4K if applicable"}}, {"model": "inspections.checklistitem", "pk": 73, "fields": {"template": 5, "label": "Camera Lens Condition (No Cracks)", "item_type": "pass_fail", "is_mandatory": true, "order": 14, "fail_triggers_flag": true, "unit": "", "help_text": "Inspect physically — cracked lens causes haze in photos"}}, {"model": "inspections.checklistitem", "pk": 74, "fields": {"template": 5, "label": "SIM Card Slots & Network Reception", "item_type": "pass_fail", "is_mandatory": true, "order": 15, "fail_triggers_flag": true, "unit": "", "help_text": "Insert test SIM — verify signal bars and voice call quality"}}, {"model": "inspections.checklistitem", "pk": 75, "fields": {"template": 5, "label": "Wi-Fi Connection & Speed", "item_type": "pass_fail", "is_mandatory": true, "order": 16, "fail_triggers_flag": false, "unit": "", "help_text": "Connect to known network — run speed test, check 5GHz band if applicable"}}, {"model": "inspections.checklistitem", "pk": 76, "fields": {"template": 5, "label": "Bluetooth Pairing", "item_type": "pass_fail", "is_mandatory": true, "order": 17, "fail_triggers_flag": false, "unit": "", "help_text": "Pair with headphones or speaker — test audio output quality"}}, {"model": "inspections.checklistitem", "pk": 77, "fields": {"template": 5, "label": "GPS Accuracy", "item_type": "pass_fail", "is_mandatory": false, "order": 18, "fail_triggers_flag": false, "unit": "", "help_text": "Open maps app outdoors — verify location accuracy within 10m"}}, {"model": "inspections.checklistitem", "pk": 78, "fields": {"template": 5, "label": "NFC (if applicable)", "item_type": "pass_fail", "is_mandatory": false, "order": 19, "fail_triggers_flag": false, "unit": "", "help_text": "Test with NFC-enabled payment terminal or tag"}}, {"model": "inspections.checklistitem", "pk": 79, "fields": {"template": 5, "label": "IMEI Verification", "item_type": "text", "is_mandatory": true, "order": 20, "fail_triggers_flag": true, "unit": "", "help_text": "Dial *#06# — record both IMEIs. Check blacklist status on GSMA or local registry"}}, {"model": "inspections.checklistitem", "pk": 80, "fields": {"template": 5, "label": "Speakers & Earpiece Quality", "item_type": "pass_fail", "is_mandatory": true, "order": 21, "fail_triggers_flag": false, "unit": "", "help_text": "Play music at max volume — check for distortion. Test earpiece on a call"}}, {"model": "inspections.checklistitem", "pk": 81, "fields": {"template": 5, "label": "Microphone (Voice & Noise Cancel)", "item_type": "pass_fail", "is_mandatory": true, "order": 22, "fail_triggers_flag": false, "unit": "", "help_text": "Record voice memo and play back — check clarity and noise cancellation mic"}}, {"model": "inspections.checklistitem", "pk": 82, "fields": {"template": 5, "label": "Vibration Motor", "item_type": "pass_fail", "is_mandatory": false, "order": 23, "fail_triggers_flag": false, "unit": "", "help_text": "Enable haptic feedback — test vibration intensity and consistency"}}, {"model": "inspections.checklistitem", "pk": 83, "fields": {"template": 5, "label": "Physical Buttons (Volume, Power, Mute)", "item_type": "pass_fail", "is_mandatory": true, "order": 24, "fail_triggers_flag": false, "unit": "", "help_text": "Press all buttons — ensure tactile response and function"}}, {"model": "inspections.checklistitem", "pk": 84, "fields": {"template": 5, "label": "Operating System Version & Updates", "item_type": "text", "is_mandatory": true, "order": 25, "fail_triggers_flag": false, "unit": "", "help_text": "Record OS version — note if device can still receive security updates"}}, {"model": "inspections.checklistitem", "pk": 85, "fields": {"template": 5, "label": "iCloud/Google Account Lock Status", "item_type": "pass_fail", "is_mandatory": true, "order": 26, "fail_triggers_flag": true, "unit": "", "help_text": "Factory reset should proceed without account prompt — activation lock = fraud flag"}}, {"model": "inspections.checklistitem", "pk": 86, "fields": {"template": 5, "label": "Water Damage Indicator", "item_type": "pass_fail", "is_mandatory": true, "order": 27, "fail_triggers_flag": true, "unit": "", "help_text": "Check SIM slot for red water damage indicator strip — red/pink = water damage"}}, {"model": "inspections.checklistitem", "pk": 87, "fields": {"template": 6, "label": "Foundation Condition (Visual)", "item_type": "pass_fail", "is_mandatory": true, "order": 0, "fail_triggers_flag": true, "unit": "", "help_text": "Look for cracks, settlement, water staining around foundation"}}, {"model": "inspections.checklistitem", "pk": 88, "fields": {"template": 6, "label": "Load-Bearing Wall Cracks", "item_type": "scale", "is_mandatory": true, "order": 1, "fail_triggers_flag": true, "unit": "", "help_text": "Hairline=monitor, >3mm=structural concern, diagonal cracks=subsidence"}}, {"model": "inspections.checklistitem", "pk": 89, "fields": {"template": 6, "label": "Roof Structure Integrity", "item_type": "pass_fail", "is_mandatory": true, "order": 2, "fail_triggers_flag": true, "unit": "", "help_text": "Access roof space if possible — check for sagging rafters, rot, daylight through roof"}}, {"model": "inspections.checklistitem", "pk": 90, "fields": {"template": 6, "label": "Roof Covering Condition", "item_type": "scale", "is_mandatory": true, "order": 3, "fail_triggers_flag": true, "unit": "", "help_text": "Check tiles/iron sheets — cracked, missing, or rusted sheets cause leaks"}}, {"model": "inspections.checklistitem", "pk": 91, "fields": {"template": 6, "label": "Ceiling Condition", "item_type": "scale", "is_mandatory": true, "order": 4, "fail_triggers_flag": false, "unit": "", "help_text": "Water stains indicate past or current roof/plumbing leaks"}}, {"model": "inspections.checklistitem", "pk": 92, "fields": {"template": 6, "label": "Floor Level & Structural Integrity", "item_type": "pass_fail", "is_mandatory": true, "order": 5, "fail_triggers_flag": true, "unit": "", "help_text": "Check for bouncy or sloping floors indicating joist failure or subsidence"}}, {"model": "inspections.checklistitem", "pk": 93, "fields": {"template": 6, "label": "External Wall Condition", "item_type": "scale", "is_mandatory": true, "order": 6, "fail_triggers_flag": false, "unit": "", "help_text": "Check render, pointing, cracks — note any vegetation growth in cracks"}}, {"model": "inspections.checklistitem", "pk": 94, "fields": {"template": 6, "label": "Damp Proof Course", "item_type": "pass_fail", "is_mandatory": true, "order": 7, "fail_triggers_flag": true, "unit": "", "help_text": "Check for rising damp up to 1m on internal walls — tide marks, salt deposits"}}, {"model": "inspections.checklistitem", "pk": 95, "fields": {"template": 6, "label": "Lintel Condition (Window & Door Openings)", "item_type": "pass_fail", "is_mandatory": true, "order": 8, "fail_triggers_flag": true, "unit": "", "help_text": "Cracks above openings indicate failed or missing lintels"}}, {"model": "inspections.checklistitem", "pk": 96, "fields": {"template": 6, "label": "Drainage Around Foundation", "item_type": "pass_fail", "is_mandatory": true, "order": 9, "fail_triggers_flag": true, "unit": "", "help_text": "Ground should slope away from building — pooling water causes foundation damage"}}, {"model": "inspections.checklistitem", "pk": 97, "fields": {"template": 6, "label": "Asbestos (if pre-1990 construction)", "item_type": "pass_fail", "is_mandatory": false, "order": 10, "fail_triggers_flag": true, "unit": "", "help_text": "Flag any suspected asbestos roof/ceiling sheets — requires specialist test"}}, {"model": "inspections.checklistitem", "pk": 98, "fields": {"template": 6, "label": "Structural Walls (No Unauthorized Removal)", "item_type": "pass_fail", "is_mandatory": true, "order": 11, "fail_triggers_flag": true, "unit": "", "help_text": "Compare with any available plans — removed load-bearing walls are critical safety fail"}}, {"model": "inspections.checklistitem", "pk": 99, "fields": {"template": 6, "label": "Consumer Unit / Fuse Box Condition", "item_type": "pass_fail", "is_mandatory": true, "order": 12, "fail_triggers_flag": true, "unit": "", "help_text": "MCBs present, no scorch marks, proper labelling, RCD present"}}, {"model": "inspections.checklistitem", "pk": 100, "fields": {"template": 6, "label": "Earthing & Bonding", "item_type": "pass_fail", "is_mandatory": true, "order": 13, "fail_triggers_flag": true, "unit": "", "help_text": "Earth rod visible or confirmed — bonding to water and gas pipes"}}, {"model": "inspections.checklistitem", "pk": 101, "fields": {"template": 6, "label": "Socket Outlets (Sample Test All Rooms)", "item_type": "pass_fail", "is_mandatory": true, "order": 14, "fail_triggers_flag": true, "unit": "", "help_text": "Use socket tester — check live, neutral, earth wiring. Note polarity failures"}}, {"model": "inspections.checklistitem", "pk": 102, "fields": {"template": 6, "label": "Lighting Circuit (All Rooms)", "item_type": "pass_fail", "is_mandatory": true, "order": 15, "fail_triggers_flag": false, "unit": "", "help_text": "All light switches operate correct lights — check for non-functional switches"}}, {"model": "inspections.checklistitem", "pk": 103, "fields": {"template": 6, "label": "ELCB/RCD Function Test", "item_type": "pass_fail", "is_mandatory": true, "order": 16, "fail_triggers_flag": true, "unit": "", "help_text": "Press test button on RCD — should trip immediately"}}, {"model": "inspections.checklistitem", "pk": 104, "fields": {"template": 6, "label": "Wiring Condition (Visible Sections)", "item_type": "scale", "is_mandatory": true, "order": 17, "fail_triggers_flag": true, "unit": "", "help_text": "Fabric insulation indicates old pre-1960s wiring — flag for full rewire"}}, {"model": "inspections.checklistitem", "pk": 105, "fields": {"template": 6, "label": "Outdoor/Garden Electrical Points", "item_type": "pass_fail", "is_mandatory": false, "order": 18, "fail_triggers_flag": false, "unit": "", "help_text": "Check weatherproofing and RCD protection on external sockets"}}, {"model": "inspections.checklistitem", "pk": 106, "fields": {"template": 6, "label": "Electric Meter & Tariff Type", "item_type": "text", "is_mandatory": true, "order": 19, "fail_triggers_flag": false, "unit": "", "help_text": "Record meter number and type (prepaid/postpaid) — verify with utility provider"}}, {"model": "inspections.checklistitem", "pk": 107, "fields": {"template": 6, "label": "Generator/Backup Power Connection", "item_type": "pass_fail", "is_mandatory": false, "order": 20, "fail_triggers_flag": false, "unit": "", "help_text": "Check changeover switch — must prevent backfeed to mains grid"}}, {"model": "inspections.checklistitem", "pk": 108, "fields": {"template": 6, "label": "Security Lighting & External Points", "item_type": "pass_fail", "is_mandatory": false, "order": 21, "fail_triggers_flag": false, "unit": "", "help_text": "Motion sensors functional — dusk-to-dawn lights operational"}}, {"model": "inspections.checklistitem", "pk": 109, "fields": {"template": 6, "label": "Water Supply Pressure", "item_type": "measurement", "is_mandatory": true, "order": 22, "fail_triggers_flag": true, "unit": "bar", "help_text": "Check pressure at kitchen tap — normal 1–3 bar. Low pressure indicates main issue"}}, {"model": "inspections.checklistitem", "pk": 110, "fields": {"template": 6, "label": "Hot Water System (Geyser/Boiler)", "item_type": "pass_fail", "is_mandatory": true, "order": 23, "fail_triggers_flag": false, "unit": "", "help_text": "Check age, pressure relief valve, anode rod condition, thermostat setting"}}, {"model": "inspections.checklistitem", "pk": 111, "fields": {"template": 6, "label": "All Taps & Shower Mixers", "item_type": "pass_fail", "is_mandatory": true, "order": 24, "fail_triggers_flag": false, "unit": "", "help_text": "Operate all taps — check for drips, correct hot/cold orientation"}}, {"model": "inspections.checklistitem", "pk": 112, "fields": {"template": 6, "label": "Toilet Flush & Fill Valve", "item_type": "pass_fail", "is_mandatory": true, "order": 25, "fail_triggers_flag": false, "unit": "", "help_text": "Flush — check fill time (should be <2 min), no continuous running"}}, {"model": "inspections.checklistitem", "pk": 113, "fields": {"template": 6, "label": "Drain Waste & Overflow (All Basins/Baths)", "item_type": "pass_fail", "is_mandatory": true, "order": 26, "fail_triggers_flag": false, "unit": "", "help_text": "Fill and drain — check flow rate and no backup between fixtures"}}, {"model": "inspections.checklistitem", "pk": 114, "fields": {"template": 6, "label": "Waste Pipe & Soil Pipe Condition", "item_type": "pass_fail", "is_mandatory": true, "order": 27, "fail_triggers_flag": true, "unit": "", "help_text": "Check for leaks, blockages, proper fall gradient, correct venting"}}, {"model": "inspections.checklistitem", "pk": 115, "fields": {"template": 6, "label": "Roof Gutters & Downpipes", "item_type": "pass_fail", "is_mandatory": true, "order": 28, "fail_triggers_flag": false, "unit": "", "help_text": "Check joints for gaps, blockages, and correct fall to downpipe"}}, {"model": "inspections.checklistitem", "pk": 116, "fields": {"template": 6, "label": "Septic Tank / Sewage Connection", "item_type": "text", "is_mandatory": true, "order": 29, "fail_triggers_flag": true, "unit": "", "help_text": "Confirm connection type — if septic: last emptying date, leach field condition"}}, {"model": "inspections.checklistitem", "pk": 117, "fields": {"template": 6, "label": "Water Meter & Connection", "item_type": "text", "is_mandatory": true, "order": 30, "fail_triggers_flag": false, "unit": "", "help_text": "Record meter reading and confirm correct property connection"}}, {"model": "inspections.checklistitem", "pk": 118, "fields": {"template": 6, "label": "Underground Pipe Condition", "item_type": "pass_fail", "is_mandatory": false, "order": 31, "fail_triggers_flag": false, "unit": "", "help_text": "CCTV drain survey recommended for older properties — flagged if suspected blockage"}}, {"model": "inspections.checklistitem", "pk": 119, "fields": {"template": 6, "label": "Door Lock Quality (All External Doors)", "item_type": "scale", "is_mandatory": true, "order": 32, "fail_triggers_flag": false, "unit": "", "help_text": "Check deadbolt throw, frame condition, door material thickness"}}, {"model": "inspections.checklistitem", "pk": 120, "fields": {"template": 6, "label": "Window Locks & Security", "item_type": "scale", "is_mandatory": true, "order": 33, "fail_triggers_flag": false, "unit": "", "help_text": "Test all window locks — note any that cannot be secured"}}, {"model": "inspections.checklistitem", "pk": 121, "fields": {"template": 6, "label": "Perimeter Wall / Fence Condition", "item_type": "scale", "is_mandatory": true, "order": 34, "fail_triggers_flag": false, "unit": "", "help_text": "Check height, structural integrity, anti-climb measures"}}, {"model": "inspections.checklistitem", "pk": 122, "fields": {"template": 6, "label": "Gate & Gate Motor", "item_type": "pass_fail", "is_mandatory": false, "order": 35, "fail_triggers_flag": false, "unit": "", "help_text": "Gate motor operation, remote function, manual override"}}, {"model": "inspections.checklistitem", "pk": 123, "fields": {"template": 6, "label": "Smoke Detectors", "item_type": "pass_fail", "is_mandatory": true, "order": 36, "fail_triggers_flag": true, "unit": "", "help_text": "Test each detector — mandatory in bedrooms and hallways"}}, {"model": "inspections.checklistitem", "pk": 124, "fields": {"template": 6, "label": "Fire Extinguisher (Present & Valid)", "item_type": "pass_fail", "is_mandatory": false, "order": 37, "fail_triggers_flag": false, "unit": "", "help_text": "Check pressure gauge and service date"}}, {"model": "inspections.checklistitem", "pk": 125, "fields": {"template": 6, "label": "CCTV System (if present)", "item_type": "pass_fail", "is_mandatory": false, "order": 38, "fail_triggers_flag": false, "unit": "", "help_text": "Check camera coverage, recording function, night vision"}}, {"model": "inspections.checklistitem", "pk": 126, "fields": {"template": 6, "label": "Burglar Alarm System", "item_type": "pass_fail", "is_mandatory": false, "order": 39, "fail_triggers_flag": false, "unit": "", "help_text": "Test arm/disarm — verify zones cover all entry points"}}, {"model": "inspections.checklistitem", "pk": 127, "fields": {"template": 6, "label": "Kitchen Units & Worktops", "item_type": "scale", "is_mandatory": true, "order": 40, "fail_triggers_flag": false, "unit": "", "help_text": "Check door hinges, worktop condition, water damage under sink"}}, {"model": "inspections.checklistitem", "pk": 128, "fields": {"template": 6, "label": "Bathroom Tiles & Grouting", "item_type": "scale", "is_mandatory": true, "order": 41, "fail_triggers_flag": false, "unit": "", "help_text": "Loose tiles indicate water ingress behind — press each tile to check"}}, {"model": "inspections.checklistitem", "pk": 129, "fields": {"template": 6, "label": "Floor Covering Condition (All Rooms)", "item_type": "scale", "is_mandatory": true, "order": 42, "fail_triggers_flag": false, "unit": "", "help_text": "Tiles, timber, carpet — note damage, lifting edges, squeaks"}}, {"model": "inspections.checklistitem", "pk": 130, "fields": {"template": 6, "label": "Internal Door Condition & Operation", "item_type": "scale", "is_mandatory": true, "order": 43, "fail_triggers_flag": false, "unit": "", "help_text": "All should close and latch — sticking indicates structural movement"}}, {"model": "inspections.checklistitem", "pk": 131, "fields": {"template": 6, "label": "Wall Finishes & Paintwork", "item_type": "scale", "is_mandatory": false, "order": 44, "fail_triggers_flag": false, "unit": "", "help_text": "Note cracks, staining, flaking paint — may indicate damp"}}, {"model": "inspections.checklistitem", "pk": 132, "fields": {"template": 6, "label": "Built-In Storage & Wardrobes", "item_type": "scale", "is_mandatory": false, "order": 45, "fail_triggers_flag": false, "unit": "", "help_text": "Check internal condition, hinges, rail strength"}}, {"model": "inspections.checklistitem", "pk": 133, "fields": {"template": 6, "label": "Kitchen Appliances (if included)", "item_type": "pass_fail", "is_mandatory": false, "order": 46, "fail_triggers_flag": false, "unit": "", "help_text": "Test cooker, oven, extractor, dishwasher if included in sale"}}, {"model": "inspections.checklistitem", "pk": 134, "fields": {"template": 6, "label": "Air Conditioning Units", "item_type": "pass_fail", "is_mandatory": false, "order": 47, "fail_triggers_flag": false, "unit": "", "help_text": "Test cooling and heating modes — check filter condition and drainage"}}, {"model": "inspections.checklistitem", "pk": 135, "fields": {"template": 6, "label": "Title Deed Verification", "item_type": "text", "is_mandatory": true, "order": 48, "fail_triggers_flag": true, "unit": "", "help_text": "Original title deed — check owner name, plot number, registered area"}}, {"model": "inspections.checklistitem", "pk": 136, "fields": {"template": 6, "label": "Survey Plan (Cadastral)", "item_type": "text", "is_mandatory": true, "order": 49, "fail_triggers_flag": true, "unit": "", "help_text": "Compare physical boundaries with survey plan — encroachments are fail"}}, {"model": "inspections.checklistitem", "pk": 137, "fields": {"template": 6, "label": "Building Permit & Approved Plans", "item_type": "pass_fail", "is_mandatory": true, "order": 50, "fail_triggers_flag": true, "unit": "", "help_text": "All structures must have approved permits — unauthorized extensions are flagged"}}, {"model": "inspections.checklistitem", "pk": 138, "fields": {"template": 6, "label": "Occupancy Certificate", "item_type": "pass_fail", "is_mandatory": true, "order": 51, "fail_triggers_flag": true, "unit": "", "help_text": "Certificate of occupancy from municipality — required for habitation"}}, {"model": "inspections.checklistitem", "pk": 139, "fields": {"template": 6, "label": "Land Rates & Service Charges (Up to Date)", "item_type": "text", "is_mandatory": true, "order": 52, "fail_triggers_flag": true, "unit": "", "help_text": "Request rates clearance certificate — unpaid rates transfer to new owner"}}, {"model": "inspections.checklistitem", "pk": 140, "fields": {"template": 6, "label": "Utility Bills & Accounts", "item_type": "text", "is_mandatory": true, "order": 53, "fail_triggers_flag": false, "unit": "", "help_text": "Check water and electricity accounts are in seller name — request clearance"}}, {"model": "inspections.checklistitem", "pk": 141, "fields": {"template": 6, "label": "Encumbrances & Caveats", "item_type": "text", "is_mandatory": true, "order": 54, "fail_triggers_flag": true, "unit": "", "help_text": "Search title for mortgages, caveats, court orders — any found = fail trigger"}}, {"model": "inspections.checklistitem", "pk": 142, "fields": {"template": 7, "label": "Display (Dead Pixels, Backlight Bleed)", "item_type": "pass_fail", "is_mandatory": true, "order": 0, "fail_triggers_flag": true, "unit": "", "help_text": "Display solid colors — check corners for backlight bleed"}}, {"model": "inspections.checklistitem", "pk": 143, "fields": {"template": 7, "label": "Screen Hinge Condition", "item_type": "scale", "is_mandatory": true, "order": 1, "fail_triggers_flag": false, "unit": "", "help_text": "Open/close — should hold position at all angles without wobble"}}, {"model": "inspections.checklistitem", "pk": 144, "fields": {"template": 7, "label": "Keyboard (All Keys Function)", "item_type": "pass_fail", "is_mandatory": true, "order": 2, "fail_triggers_flag": false, "unit": "", "help_text": "Use keyboard test website — check every key including Fn combinations"}}, {"model": "inspections.checklistitem", "pk": 145, "fields": {"template": 7, "label": "Trackpad (Click & Gesture)", "item_type": "pass_fail", "is_mandatory": true, "order": 3, "fail_triggers_flag": false, "unit": "", "help_text": "Test click, right-click, two-finger scroll, pinch-to-zoom"}}, {"model": "inspections.checklistitem", "pk": 146, "fields": {"template": 7, "label": "Battery Cycle Count & Health", "item_type": "measurement", "is_mandatory": true, "order": 4, "fail_triggers_flag": true, "unit": "cycles", "help_text": "Windows: powercfg /batteryreport. Mac: System Info > Power — note design vs full capacity"}}, {"model": "inspections.checklistitem", "pk": 147, "fields": {"template": 7, "label": "RAM Amount & Type", "item_type": "text", "is_mandatory": true, "order": 5, "fail_triggers_flag": false, "unit": "GB", "help_text": "Verify installed RAM matches advertised spec"}}, {"model": "inspections.checklistitem", "pk": 148, "fields": {"template": 7, "label": "Storage Drive Health (SMART Data)", "item_type": "pass_fail", "is_mandatory": true, "order": 6, "fail_triggers_flag": true, "unit": "", "help_text": "Run CrystalDiskInfo (Win) or DiskScan (Mac) — any SMART warnings = fail trigger"}}, {"model": "inspections.checklistitem", "pk": 149, "fields": {"template": 7, "label": "Storage Capacity & Type (SSD/HDD)", "item_type": "text", "is_mandatory": true, "order": 7, "fail_triggers_flag": false, "unit": "GB", "help_text": "Verify actual storage matches spec — check if original or upgraded"}}, {"model": "inspections.checklistitem", "pk": 150, "fields": {"template": 7, "label": "Processor (Benchmark Score)", "item_type": "measurement", "is_mandatory": false, "order": 8, "fail_triggers_flag": false, "unit": "score", "help_text": "Run Cinebench or PassMark — compare to known good score for that CPU"}}, {"model": "inspections.checklistitem", "pk": 151, "fields": {"template": 7, "label": "GPU (if dedicated) Function", "item_type": "pass_fail", "is_mandatory": false, "order": 9, "fail_triggers_flag": false, "unit": "", "help_text": "Stress test with GPU-Z or render test — check temperatures and artifacts"}}, {"model": "inspections.checklistitem", "pk": 152, "fields": {"template": 7, "label": "USB Ports (All Types & Speeds)", "item_type": "pass_fail", "is_mandatory": true, "order": 10, "fail_triggers_flag": false, "unit": "", "help_text": "Test each USB port with USB 3.0 drive — verify transfer speed"}}, {"model": "inspections.checklistitem", "pk": 153, "fields": {"template": 7, "label": "HDMI / DisplayPort Output", "item_type": "pass_fail", "is_mandatory": false, "order": 11, "fail_triggers_flag": false, "unit": "", "help_text": "Connect external monitor — verify signal and resolution"}}, {"model": "inspections.checklistitem", "pk": 154, "fields": {"template": 7, "label": "Wi-Fi & Bluetooth", "item_type": "pass_fail", "is_mandatory": true, "order": 12, "fail_triggers_flag": false, "unit": "", "help_text": "Connect to 5GHz and 2.4GHz — run speed test"}}, {"model": "inspections.checklistitem", "pk": 155, "fields": {"template": 7, "label": "Webcam & Microphone", "item_type": "pass_fail", "is_mandatory": true, "order": 13, "fail_triggers_flag": false, "unit": "", "help_text": "Test video call quality — check autofocus and audio clarity"}}, {"model": "inspections.checklistitem", "pk": 156, "fields": {"template": 7, "label": "Speakers & Headphone Jack", "item_type": "pass_fail", "is_mandatory": true, "order": 14, "fail_triggers_flag": false, "unit": "", "help_text": "Play audio — check for distortion at volume. Test 3.5mm jack"}}, {"model": "inspections.checklistitem", "pk": 157, "fields": {"template": 7, "label": "Cooling System (Temperatures Under Load)", "item_type": "measurement", "is_mandatory": true, "order": 15, "fail_triggers_flag": true, "unit": "°C", "help_text": "Run stress test for 5 min — CPU should not exceed 95°C. Throttling = fail"}}, {"model": "inspections.checklistitem", "pk": 158, "fields": {"template": 7, "label": "Chassis Condition (Cracks, Warping)", "item_type": "scale", "is_mandatory": true, "order": 16, "fail_triggers_flag": false, "unit": "", "help_text": "Check lid, base, and palm rest — cracks near hinge indicate drop damage"}}, {"model": "inspections.checklistitem", "pk": 159, "fields": {"template": 7, "label": "Serial Number & BIOS Info", "item_type": "text", "is_mandatory": true, "order": 17, "fail_triggers_flag": true, "unit": "", "help_text": "Record serial — check against any blacklist or theft registry"}}, {"model": "inspections.checklistitem", "pk": 160, "fields": {"template": 7, "label": "Operating System & License", "item_type": "text", "is_mandatory": true, "order": 18, "fail_triggers_flag": false, "unit": "", "help_text": "Note OS version and whether license is genuine and transferable"}}, {"model": "inspections.checklistitem", "pk": 161, "fields": {"template": 7, "label": "Charger & Cable Condition", "item_type": "pass_fail", "is_mandatory": false, "order": 19, "fail_triggers_flag": false, "unit": "", "help_text": "Check charger for fraying, correct wattage, and charging speed"}}, {"model": "inspections.checklistitem", "pk": 162, "fields": {"template": 7, "label": "Battery Run-Time Test", "item_type": "measurement", "is_mandatory": true, "order": 20, "fail_triggers_flag": false, "unit": "hours", "help_text": "Discharge from 100% at normal load — note time to 20%"}}, {"model": "inspections.checklistitem", "pk": 163, "fields": {"template": 7, "label": "Fan Noise & Vibration", "item_type": "scale", "is_mandatory": true, "order": 21, "fail_triggers_flag": false, "unit": "", "help_text": "Excessive fan noise at idle indicates cooling paste degradation or failing fan"}}, {"model": "inspections.checklistitem", "pk": 164, "fields": {"template": 8, "label": "Engine Start (Cold & Warm)", "item_type": "pass_fail", "is_mandatory": true, "order": 0, "fail_triggers_flag": true, "unit": "", "help_text": "Cold start without choke assistance after warm-up — ease of starting indicates condition"}}, {"model": "inspections.checklistitem", "pk": 165, "fields": {"template": 8, "label": "Engine Oil Level & Condition", "item_type": "pass_fail", "is_mandatory": true, "order": 1, "fail_triggers_flag": true, "unit": "", "help_text": "Check dipstick — dark sludge indicates neglected maintenance"}}, {"model": "inspections.checklistitem", "pk": 166, "fields": {"template": 8, "label": "Output Voltage (No Load)", "item_type": "measurement", "is_mandatory": true, "order": 2, "fail_triggers_flag": true, "unit": "V", "help_text": "220–240V nominal — outside ±10% indicates regulator fault"}}, {"model": "inspections.checklistitem", "pk": 167, "fields": {"template": 8, "label": "Output Voltage (Full Load)", "item_type": "measurement", "is_mandatory": true, "order": 3, "fail_triggers_flag": true, "unit": "V", "help_text": "Apply rated load — voltage should remain stable within ±5%"}}, {"model": "inspections.checklistitem", "pk": 168, "fields": {"template": 8, "label": "Output Frequency", "item_type": "measurement", "is_mandatory": true, "order": 4, "fail_triggers_flag": true, "unit": "Hz", "help_text": "50Hz nominal — check with meter under load"}}, {"model": "inspections.checklistitem", "pk": 169, "fields": {"template": 8, "label": "Fuel Leaks (Tank, Lines, Carb)", "item_type": "pass_fail", "is_mandatory": true, "order": 5, "fail_triggers_flag": true, "unit": "", "help_text": "Fuel smell or drips — immediate fail, fire hazard"}}, {"model": "inspections.checklistitem", "pk": 170, "fields": {"template": 8, "label": "Air Filter Condition", "item_type": "scale", "is_mandatory": true, "order": 6, "fail_triggers_flag": false, "unit": "", "help_text": "Remove and inspect — heavily clogged affects performance"}}, {"model": "inspections.checklistitem", "pk": 171, "fields": {"template": 8, "label": "Spark Plug Condition", "item_type": "scale", "is_mandatory": true, "order": 7, "fail_triggers_flag": false, "unit": "", "help_text": "Remove plug — check electrode gap, carbon fouling, oil fouling"}}, {"model": "inspections.checklistitem", "pk": 172, "fields": {"template": 8, "label": "Automatic Voltage Regulator (AVR)", "item_type": "pass_fail", "is_mandatory": true, "order": 8, "fail_triggers_flag": true, "unit": "", "help_text": "Confirm AVR type and operation — protects connected equipment"}}, {"model": "inspections.checklistitem", "pk": 173, "fields": {"template": 8, "label": "Circuit Breaker & Overload Protection", "item_type": "pass_fail", "is_mandatory": true, "order": 9, "fail_triggers_flag": true, "unit": "", "help_text": "Test trip function — breaker should trip at rated amperage"}}, {"model": "inspections.checklistitem", "pk": 174, "fields": {"template": 8, "label": "Earth Connection", "item_type": "pass_fail", "is_mandatory": true, "order": 10, "fail_triggers_flag": true, "unit": "", "help_text": "Verify proper earth stake connected — essential for safety"}}, {"model": "inspections.checklistitem", "pk": 175, "fields": {"template": 8, "label": "Fuel Tank Capacity & Condition", "item_type": "measurement", "is_mandatory": true, "order": 11, "fail_triggers_flag": false, "unit": "L", "help_text": "Confirm tank capacity, check for rust inside tank"}}, {"model": "inspections.checklistitem", "pk": 176, "fields": {"template": 8, "label": "Runtime Per Tank (Tested)", "item_type": "measurement", "is_mandatory": true, "order": 12, "fail_triggers_flag": false, "unit": "hours", "help_text": "Run until empty at 75% load — compare to manufacturer spec"}}, {"model": "inspections.checklistitem", "pk": 177, "fields": {"template": 8, "label": "Noise Level", "item_type": "measurement", "is_mandatory": false, "order": 13, "fail_triggers_flag": false, "unit": "dB", "help_text": "Measure at 7 metres — relevant for residential use"}}, {"model": "inspections.checklistitem", "pk": 178, "fields": {"template": 8, "label": "Control Panel (Meters & Switches)", "item_type": "pass_fail", "is_mandatory": true, "order": 14, "fail_triggers_flag": false, "unit": "", "help_text": "All meters and switches operational — hourmeter shows actual use"}}, {"model": "inspections.checklistitem", "pk": 179, "fields": {"template": 8, "label": "Battery (Electric Start Models)", "item_type": "pass_fail", "is_mandatory": false, "order": 15, "fail_triggers_flag": false, "unit": "", "help_text": "Battery condition and cold cranking performance"}}, {"model": "inspections.checklistitem", "pk": 180, "fields": {"template": 8, "label": "Frame & Body Condition", "item_type": "scale", "is_mandatory": true, "order": 16, "fail_triggers_flag": false, "unit": "", "help_text": "Rust, cracks in frame, wheel condition"}}, {"model": "inspections.checklistitem", "pk": 181, "fields": {"template": 8, "label": "Service History & Hours", "item_type": "text", "is_mandatory": true, "order": 17, "fail_triggers_flag": false, "unit": "hours", "help_text": "Record hourmeter reading — oil change due every 250 hours"}}, {"model": "staff.department", "pk": 1, "fields": {"name": "General", "description": "Auto-created placeholder", "created_at": "2026-04-26T18:13:06.699Z"}}]